"Reporter","Product","Partner","Tariff Year","DutyType","Reporter Name","Product Name","Partner Name","Simple Average","Nbr of Total Lines","Weighted Average"
"036","270900","012",2023,"AHS","Australia","270900 --  Petroleum oils and oils obtained from b","Algeria",0,2,0
"036","270900","012",2023,"BND","Australia","270900 --  Petroleum oils and oils obtained from b","Algeria",,,
"036","270900","012",2023,"MFN","Australia","270900 --  Petroleum oils and oils obtained from b","Algeria",0,2,0
"036","270900","360",2023,"AHS","Australia","270900 --  Petroleum oils and oils obtained from b","Indonesia",0,2,0
"036","270900","360",2023,"BND","Australia","270900 --  Petroleum oils and oils obtained from b","Indonesia",,,
"036","270900","360",2023,"MFN","Australia","270900 --  Petroleum oils and oils obtained from b","Indonesia",0,2,0
"036","270900","434",2023,"AHS","Australia","270900 --  Petroleum oils and oils obtained from b","Libya",0,2,0
"036","270900","434",2023,"BND","Australia","270900 --  Petroleum oils and oils obtained from b","Libya",,,
"036","270900","434",2023,"MFN","Australia","270900 --  Petroleum oils and oils obtained from b","Libya",0,2,0
"036","270900","566",2023,"AHS","Australia","270900 --  Petroleum oils and oils obtained from b","Nigeria",0,2,0
"036","270900","566",2023,"BND","Australia","270900 --  Petroleum oils and oils obtained from b","Nigeria",,,
"036","270900","566",2023,"MFN","Australia","270900 --  Petroleum oils and oils obtained from b","Nigeria",0,2,0
"036","270900","784",2023,"AHS","Australia","270900 --  Petroleum oils and oils obtained from b","United Arab Emirates",0,2,0
"036","270900","784",2023,"BND","Australia","270900 --  Petroleum oils and oils obtained from b","United Arab Emirates",,,
"036","270900","784",2023,"MFN","Australia","270900 --  Petroleum oils and oils obtained from b","United Arab Emirates",0,2,0
"036","270900","840",2023,"AHS","Australia","270900 --  Petroleum oils and oils obtained from b","United States",0,2,0
"036","270900","840",2023,"BND","Australia","270900 --  Petroleum oils and oils obtained from b","United States",,,
"036","270900","840",2023,"MFN","Australia","270900 --  Petroleum oils and oils obtained from b","United States",0,2,0
"152","270900","032",2023,"AHS","Chile","270900 --  Petroleum oils and oils obtained from b","Argentina",0,2,0
"152","270900","032",2023,"BND","Chile","270900 --  Petroleum oils and oils obtained from b","Argentina",25,3,25
"152","270900","032",2023,"MFN","Chile","270900 --  Petroleum oils and oils obtained from b","Argentina",6,2,6
"152","270900","076",2023,"AHS","Chile","270900 --  Petroleum oils and oils obtained from b","Brazil",0,2,0
"152","270900","076",2023,"BND","Chile","270900 --  Petroleum oils and oils obtained from b","Brazil",25,3,25
"152","270900","076",2023,"MFN","Chile","270900 --  Petroleum oils and oils obtained from b","Brazil",6,2,6
"152","270900","218",2023,"AHS","Chile","270900 --  Petroleum oils and oils obtained from b","Ecuador",0,2,0
"152","270900","218",2023,"BND","Chile","270900 --  Petroleum oils and oils obtained from b","Ecuador",25,3,25
"152","270900","218",2023,"MFN","Chile","270900 --  Petroleum oils and oils obtained from b","Ecuador",6,2,6
"152","270900","840",2023,"AHS","Chile","270900 --  Petroleum oils and oils obtained from b","United States",0,2,0
"152","270900","840",2023,"BND","Chile","270900 --  Petroleum oils and oils obtained from b","United States",25,3,25
"152","270900","840",2023,"MFN","Chile","270900 --  Petroleum oils and oils obtained from b","United States",6,2,6
"156","270900","012",2023,"AHS","China","270900 --  Petroleum oils and oils obtained from b","Algeria",0,1,0
"156","270900","012",2023,"BND","China","270900 --  Petroleum oils and oils obtained from b","Algeria",,,
"156","270900","012",2023,"MFN","China","270900 --  Petroleum oils and oils obtained from b","Algeria",0,1,0
"156","270900","024",2023,"AHS","China","270900 --  Petroleum oils and oils obtained from b","Angola",0,1,0
"156","270900","024",2023,"BND","China","270900 --  Petroleum oils and oils obtained from b","Angola",,,
"156","270900","024",2023,"MFN","China","270900 --  Petroleum oils and oils obtained from b","Angola",0,1,0
"156","270900","032",2023,"AHS","China","270900 --  Petroleum oils and oils obtained from b","Argentina",0,1,0
"156","270900","032",2023,"BND","China","270900 --  Petroleum oils and oils obtained from b","Argentina",,,
"156","270900","032",2023,"MFN","China","270900 --  Petroleum oils and oils obtained from b","Argentina",0,1,0
"156","270900","036",2023,"AHS","China","270900 --  Petroleum oils and oils obtained from b","Australia",0,1,0
"156","270900","036",2023,"BND","China","270900 --  Petroleum oils and oils obtained from b","Australia",,,
"156","270900","036",2023,"MFN","China","270900 --  Petroleum oils and oils obtained from b","Australia",0,1,0
"156","270900","076",2023,"AHS","China","270900 --  Petroleum oils and oils obtained from b","Brazil",0,1,0
"156","270900","076",2023,"BND","China","270900 --  Petroleum oils and oils obtained from b","Brazil",,,
"156","270900","076",2023,"MFN","China","270900 --  Petroleum oils and oils obtained from b","Brazil",0,1,0
"156","270900","120",2023,"AHS","China","270900 --  Petroleum oils and oils obtained from b","Cameroon",0,1,0
"156","270900","120",2023,"BND","China","270900 --  Petroleum oils and oils obtained from b","Cameroon",,,
"156","270900","120",2023,"MFN","China","270900 --  Petroleum oils and oils obtained from b","Cameroon",0,1,0
"156","270900","124",2023,"AHS","China","270900 --  Petroleum oils and oils obtained from b","Canada",0,1,0
"156","270900","124",2023,"BND","China","270900 --  Petroleum oils and oils obtained from b","Canada",,,
"156","270900","124",2023,"MFN","China","270900 --  Petroleum oils and oils obtained from b","Canada",0,1,0
"156","270900","170",2023,"AHS","China","270900 --  Petroleum oils and oils obtained from b","Colombia",0,1,0
"156","270900","170",2023,"BND","China","270900 --  Petroleum oils and oils obtained from b","Colombia",,,
"156","270900","170",2023,"MFN","China","270900 --  Petroleum oils and oils obtained from b","Colombia",0,1,0
"156","270900","178",2023,"AHS","China","270900 --  Petroleum oils and oils obtained from b","Congo, Rep.",0,1,0
"156","270900","178",2023,"BND","China","270900 --  Petroleum oils and oils obtained from b","Congo, Rep.",,,
"156","270900","178",2023,"MFN","China","270900 --  Petroleum oils and oils obtained from b","Congo, Rep.",0,1,0
"156","270900","218",2023,"AHS","China","270900 --  Petroleum oils and oils obtained from b","Ecuador",0,1,0
"156","270900","218",2023,"BND","China","270900 --  Petroleum oils and oils obtained from b","Ecuador",,,
"156","270900","218",2023,"MFN","China","270900 --  Petroleum oils and oils obtained from b","Ecuador",0,1,0
"156","270900","266",2023,"AHS","China","270900 --  Petroleum oils and oils obtained from b","Gabon",0,1,0
"156","270900","266",2023,"BND","China","270900 --  Petroleum oils and oils obtained from b","Gabon",,,
"156","270900","266",2023,"MFN","China","270900 --  Petroleum oils and oils obtained from b","Gabon",0,1,0
"156","270900","288",2023,"AHS","China","270900 --  Petroleum oils and oils obtained from b","Ghana",0,1,0
"156","270900","288",2023,"BND","China","270900 --  Petroleum oils and oils obtained from b","Ghana",,,
"156","270900","288",2023,"MFN","China","270900 --  Petroleum oils and oils obtained from b","Ghana",0,1,0
"156","270900","328",2023,"AHS","China","270900 --  Petroleum oils and oils obtained from b","Guyana",0,1,0
"156","270900","328",2023,"BND","China","270900 --  Petroleum oils and oils obtained from b","Guyana",,,
"156","270900","328",2023,"MFN","China","270900 --  Petroleum oils and oils obtained from b","Guyana",0,1,0
"156","270900","360",2023,"AHS","China","270900 --  Petroleum oils and oils obtained from b","Indonesia",0,1,0
"156","270900","360",2023,"BND","China","270900 --  Petroleum oils and oils obtained from b","Indonesia",,,
"156","270900","360",2023,"MFN","China","270900 --  Petroleum oils and oils obtained from b","Indonesia",0,1,0
"156","270900","368",2023,"AHS","China","270900 --  Petroleum oils and oils obtained from b","Iraq",0,1,0
"156","270900","368",2023,"BND","China","270900 --  Petroleum oils and oils obtained from b","Iraq",,,
"156","270900","368",2023,"MFN","China","270900 --  Petroleum oils and oils obtained from b","Iraq",0,1,0
"156","270900","414",2023,"AHS","China","270900 --  Petroleum oils and oils obtained from b","Kuwait",0,1,0
"156","270900","414",2023,"BND","China","270900 --  Petroleum oils and oils obtained from b","Kuwait",,,
"156","270900","414",2023,"MFN","China","270900 --  Petroleum oils and oils obtained from b","Kuwait",0,1,0
"156","270900","434",2023,"AHS","China","270900 --  Petroleum oils and oils obtained from b","Libya",0,1,0
"156","270900","434",2023,"BND","China","270900 --  Petroleum oils and oils obtained from b","Libya",,,
"156","270900","434",2023,"MFN","China","270900 --  Petroleum oils and oils obtained from b","Libya",0,1,0
"156","270900","484",2023,"AHS","China","270900 --  Petroleum oils and oils obtained from b","Mexico",0,1,0
"156","270900","484",2023,"BND","China","270900 --  Petroleum oils and oils obtained from b","Mexico",,,
"156","270900","484",2023,"MFN","China","270900 --  Petroleum oils and oils obtained from b","Mexico",0,1,0
"156","270900","512",2023,"AHS","China","270900 --  Petroleum oils and oils obtained from b","Oman",0,1,0
"156","270900","512",2023,"BND","China","270900 --  Petroleum oils and oils obtained from b","Oman",,,
"156","270900","512",2023,"MFN","China","270900 --  Petroleum oils and oils obtained from b","Oman",0,1,0
"156","270900","566",2023,"AHS","China","270900 --  Petroleum oils and oils obtained from b","Nigeria",0,1,0
"156","270900","566",2023,"BND","China","270900 --  Petroleum oils and oils obtained from b","Nigeria",,,
"156","270900","566",2023,"MFN","China","270900 --  Petroleum oils and oils obtained from b","Nigeria",0,1,0
"156","270900","578",2023,"AHS","China","270900 --  Petroleum oils and oils obtained from b","Norway",0,1,0
"156","270900","578",2023,"BND","China","270900 --  Petroleum oils and oils obtained from b","Norway",,,
"156","270900","578",2023,"MFN","China","270900 --  Petroleum oils and oils obtained from b","Norway",0,1,0
"156","270900","634",2023,"AHS","China","270900 --  Petroleum oils and oils obtained from b","Qatar",0,1,0
"156","270900","634",2023,"BND","China","270900 --  Petroleum oils and oils obtained from b","Qatar",,,
"156","270900","634",2023,"MFN","China","270900 --  Petroleum oils and oils obtained from b","Qatar",0,1,0
"156","270900","643",2023,"AHS","China","270900 --  Petroleum oils and oils obtained from b","Russian Federation",0,1,0
"156","270900","643",2023,"BND","China","270900 --  Petroleum oils and oils obtained from b","Russian Federation",,,
"156","270900","643",2023,"MFN","China","270900 --  Petroleum oils and oils obtained from b","Russian Federation",0,1,0
"156","270900","682",2023,"AHS","China","270900 --  Petroleum oils and oils obtained from b","Saudi Arabia",0,1,0
"156","270900","682",2023,"BND","China","270900 --  Petroleum oils and oils obtained from b","Saudi Arabia",,,
"156","270900","682",2023,"MFN","China","270900 --  Petroleum oils and oils obtained from b","Saudi Arabia",0,1,0
"156","270900","729",2023,"AHS","China","270900 --  Petroleum oils and oils obtained from b","Sudan",0,1,0
"156","270900","729",2023,"BND","China","270900 --  Petroleum oils and oils obtained from b","Sudan",,,
"156","270900","729",2023,"MFN","China","270900 --  Petroleum oils and oils obtained from b","Sudan",0,1,0
"156","270900","784",2023,"AHS","China","270900 --  Petroleum oils and oils obtained from b","United Arab Emirates",0,1,0
"156","270900","784",2023,"BND","China","270900 --  Petroleum oils and oils obtained from b","United Arab Emirates",,,
"156","270900","784",2023,"MFN","China","270900 --  Petroleum oils and oils obtained from b","United Arab Emirates",0,1,0
"156","270900","826",2023,"AHS","China","270900 --  Petroleum oils and oils obtained from b","United Kingdom",0,1,0
"156","270900","826",2023,"BND","China","270900 --  Petroleum oils and oils obtained from b","United Kingdom",,,
"156","270900","826",2023,"MFN","China","270900 --  Petroleum oils and oils obtained from b","United Kingdom",0,1,0
"156","270900","840",2023,"AHS","China","270900 --  Petroleum oils and oils obtained from b","United States",0,1,0
"156","270900","840",2023,"BND","China","270900 --  Petroleum oils and oils obtained from b","United States",,,
"156","270900","840",2023,"MFN","China","270900 --  Petroleum oils and oils obtained from b","United States",0,1,0
"158","270900","024",2023,"AHS","Taiwan, China","270900 --  Petroleum oils and oils obtained from b","Angola",0,2,0
"158","270900","024",2023,"BND","Taiwan, China","270900 --  Petroleum oils and oils obtained from b","Angola",6.25,2,6.25
"158","270900","024",2023,"MFN","Taiwan, China","270900 --  Petroleum oils and oils obtained from b","Angola",0,2,0
"158","270900","036",2023,"AHS","Taiwan, China","270900 --  Petroleum oils and oils obtained from b","Australia",0,2,0
"158","270900","036",2023,"BND","Taiwan, China","270900 --  Petroleum oils and oils obtained from b","Australia",6.25,2,6.25
"158","270900","036",2023,"MFN","Taiwan, China","270900 --  Petroleum oils and oils obtained from b","Australia",0,2,0
"158","270900","288",2023,"AHS","Taiwan, China","270900 --  Petroleum oils and oils obtained from b","Ghana",0,2,0
"158","270900","288",2023,"BND","Taiwan, China","270900 --  Petroleum oils and oils obtained from b","Ghana",6.25,2,6.25
"158","270900","288",2023,"MFN","Taiwan, China","270900 --  Petroleum oils and oils obtained from b","Ghana",0,2,0
"158","270900","368",2023,"AHS","Taiwan, China","270900 --  Petroleum oils and oils obtained from b","Iraq",0,2,0
"158","270900","368",2023,"BND","Taiwan, China","270900 --  Petroleum oils and oils obtained from b","Iraq",6.25,2,6.25
"158","270900","368",2023,"MFN","Taiwan, China","270900 --  Petroleum oils and oils obtained from b","Iraq",0,2,0
"158","270900","414",2023,"AHS","Taiwan, China","270900 --  Petroleum oils and oils obtained from b","Kuwait",0,2,0
"158","270900","414",2023,"BND","Taiwan, China","270900 --  Petroleum oils and oils obtained from b","Kuwait",6.25,2,6.25
"158","270900","414",2023,"MFN","Taiwan, China","270900 --  Petroleum oils and oils obtained from b","Kuwait",0,2,0
"158","270900","512",2023,"AHS","Taiwan, China","270900 --  Petroleum oils and oils obtained from b","Oman",0,2,0
"158","270900","512",2023,"BND","Taiwan, China","270900 --  Petroleum oils and oils obtained from b","Oman",6.25,2,6.25
"158","270900","512",2023,"MFN","Taiwan, China","270900 --  Petroleum oils and oils obtained from b","Oman",0,2,0
"158","270900","634",2023,"AHS","Taiwan, China","270900 --  Petroleum oils and oils obtained from b","Qatar",0,2,0
"158","270900","634",2023,"BND","Taiwan, China","270900 --  Petroleum oils and oils obtained from b","Qatar",6.25,2,6.25
"158","270900","634",2023,"MFN","Taiwan, China","270900 --  Petroleum oils and oils obtained from b","Qatar",0,2,0
"158","270900","682",2023,"AHS","Taiwan, China","270900 --  Petroleum oils and oils obtained from b","Saudi Arabia",0,2,0
"158","270900","682",2023,"BND","Taiwan, China","270900 --  Petroleum oils and oils obtained from b","Saudi Arabia",6.25,2,6.25
"158","270900","682",2023,"MFN","Taiwan, China","270900 --  Petroleum oils and oils obtained from b","Saudi Arabia",0,2,0
"158","270900","784",2023,"AHS","Taiwan, China","270900 --  Petroleum oils and oils obtained from b","United Arab Emirates",0,2,0
"158","270900","784",2023,"BND","Taiwan, China","270900 --  Petroleum oils and oils obtained from b","United Arab Emirates",6.25,2,6.25
"158","270900","784",2023,"MFN","Taiwan, China","270900 --  Petroleum oils and oils obtained from b","United Arab Emirates",0,2,0
"158","270900","840",2023,"AHS","Taiwan, China","270900 --  Petroleum oils and oils obtained from b","United States",0,2,0
"158","270900","840",2023,"BND","Taiwan, China","270900 --  Petroleum oils and oils obtained from b","United States",6.25,2,6.25
"158","270900","840",2023,"MFN","Taiwan, China","270900 --  Petroleum oils and oils obtained from b","United States",0,2,0
"208","270900","012",2023,"AHS","Denmark","270900 --  Petroleum oils and oils obtained from b","Algeria",0,2,0
"208","270900","012",2023,"BND","Denmark","270900 --  Petroleum oils and oils obtained from b","Algeria",,,
"208","270900","012",2023,"MFN","Denmark","270900 --  Petroleum oils and oils obtained from b","Algeria",0,2,0
"208","270900","566",2023,"AHS","Denmark","270900 --  Petroleum oils and oils obtained from b","Nigeria",0,2,0
"208","270900","566",2023,"BND","Denmark","270900 --  Petroleum oils and oils obtained from b","Nigeria",,,
"208","270900","566",2023,"MFN","Denmark","270900 --  Petroleum oils and oils obtained from b","Nigeria",0,2,0
"208","270900","578",2023,"AHS","Denmark","270900 --  Petroleum oils and oils obtained from b","Norway",0,2,0
"208","270900","578",2023,"BND","Denmark","270900 --  Petroleum oils and oils obtained from b","Norway",,,
"208","270900","578",2023,"MFN","Denmark","270900 --  Petroleum oils and oils obtained from b","Norway",0,2,0
"208","270900","826",2023,"AHS","Denmark","270900 --  Petroleum oils and oils obtained from b","United Kingdom",0,2,0
"208","270900","826",2023,"BND","Denmark","270900 --  Petroleum oils and oils obtained from b","United Kingdom",,,
"208","270900","826",2023,"MFN","Denmark","270900 --  Petroleum oils and oils obtained from b","United Kingdom",0,2,0
"208","270900","840",2023,"AHS","Denmark","270900 --  Petroleum oils and oils obtained from b","United States",0,2,0
"208","270900","840",2023,"BND","Denmark","270900 --  Petroleum oils and oils obtained from b","United States",,,
"208","270900","840",2023,"MFN","Denmark","270900 --  Petroleum oils and oils obtained from b","United States",0,2,0
"246","270900","076",2023,"AHS","Finland","270900 --  Petroleum oils and oils obtained from b","Brazil",0,2,0
"246","270900","076",2023,"BND","Finland","270900 --  Petroleum oils and oils obtained from b","Brazil",,,
"246","270900","076",2023,"MFN","Finland","270900 --  Petroleum oils and oils obtained from b","Brazil",0,2,0
"246","270900","124",2023,"AHS","Finland","270900 --  Petroleum oils and oils obtained from b","Canada",0,2,0
"246","270900","124",2023,"BND","Finland","270900 --  Petroleum oils and oils obtained from b","Canada",,,
"246","270900","124",2023,"MFN","Finland","270900 --  Petroleum oils and oils obtained from b","Canada",0,2,0
"246","270900","328",2023,"AHS","Finland","270900 --  Petroleum oils and oils obtained from b","Guyana",0,2,0
"246","270900","328",2023,"BND","Finland","270900 --  Petroleum oils and oils obtained from b","Guyana",,,
"246","270900","328",2023,"MFN","Finland","270900 --  Petroleum oils and oils obtained from b","Guyana",0,2,0
"246","270900","578",2023,"AHS","Finland","270900 --  Petroleum oils and oils obtained from b","Norway",0,2,0
"246","270900","578",2023,"BND","Finland","270900 --  Petroleum oils and oils obtained from b","Norway",,,
"246","270900","578",2023,"MFN","Finland","270900 --  Petroleum oils and oils obtained from b","Norway",0,2,0
"246","270900","826",2023,"AHS","Finland","270900 --  Petroleum oils and oils obtained from b","United Kingdom",0,2,0
"246","270900","826",2023,"BND","Finland","270900 --  Petroleum oils and oils obtained from b","United Kingdom",,,
"246","270900","826",2023,"MFN","Finland","270900 --  Petroleum oils and oils obtained from b","United Kingdom",0,2,0
"246","270900","840",2023,"AHS","Finland","270900 --  Petroleum oils and oils obtained from b","United States",0,2,0
"246","270900","840",2023,"BND","Finland","270900 --  Petroleum oils and oils obtained from b","United States",,,
"246","270900","840",2023,"MFN","Finland","270900 --  Petroleum oils and oils obtained from b","United States",0,2,0
"250","270900","012",2023,"AHS","France","270900 --  Petroleum oils and oils obtained from b","Algeria",0,2,0
"250","270900","012",2023,"BND","France","270900 --  Petroleum oils and oils obtained from b","Algeria",,,
"250","270900","012",2023,"MFN","France","270900 --  Petroleum oils and oils obtained from b","Algeria",0,2,0
"250","270900","024",2023,"AHS","France","270900 --  Petroleum oils and oils obtained from b","Angola",0,2,0
"250","270900","024",2023,"BND","France","270900 --  Petroleum oils and oils obtained from b","Angola",,,
"250","270900","024",2023,"MFN","France","270900 --  Petroleum oils and oils obtained from b","Angola",0,2,0
"250","270900","076",2023,"AHS","France","270900 --  Petroleum oils and oils obtained from b","Brazil",0,2,0
"250","270900","076",2023,"BND","France","270900 --  Petroleum oils and oils obtained from b","Brazil",,,
"250","270900","076",2023,"MFN","France","270900 --  Petroleum oils and oils obtained from b","Brazil",0,2,0
"250","270900","120",2023,"AHS","France","270900 --  Petroleum oils and oils obtained from b","Cameroon",0,2,0
"250","270900","120",2023,"BND","France","270900 --  Petroleum oils and oils obtained from b","Cameroon",,,
"250","270900","120",2023,"MFN","France","270900 --  Petroleum oils and oils obtained from b","Cameroon",0,2,0
"250","270900","124",2023,"AHS","France","270900 --  Petroleum oils and oils obtained from b","Canada",0,2,0
"250","270900","124",2023,"BND","France","270900 --  Petroleum oils and oils obtained from b","Canada",,,
"250","270900","124",2023,"MFN","France","270900 --  Petroleum oils and oils obtained from b","Canada",0,2,0
"250","270900","178",2023,"AHS","France","270900 --  Petroleum oils and oils obtained from b","Congo, Rep.",0,2,0
"250","270900","178",2023,"BND","France","270900 --  Petroleum oils and oils obtained from b","Congo, Rep.",,,
"250","270900","178",2023,"MFN","France","270900 --  Petroleum oils and oils obtained from b","Congo, Rep.",0,2,0
"250","270900","218",2023,"AHS","France","270900 --  Petroleum oils and oils obtained from b","Ecuador",0,2,0
"250","270900","218",2023,"BND","France","270900 --  Petroleum oils and oils obtained from b","Ecuador",,,
"250","270900","218",2023,"MFN","France","270900 --  Petroleum oils and oils obtained from b","Ecuador",0,2,0
"250","270900","266",2023,"AHS","France","270900 --  Petroleum oils and oils obtained from b","Gabon",0,2,0
"250","270900","266",2023,"BND","France","270900 --  Petroleum oils and oils obtained from b","Gabon",,,
"250","270900","266",2023,"MFN","France","270900 --  Petroleum oils and oils obtained from b","Gabon",0,2,0
"250","270900","288",2023,"AHS","France","270900 --  Petroleum oils and oils obtained from b","Ghana",0,2,0
"250","270900","288",2023,"BND","France","270900 --  Petroleum oils and oils obtained from b","Ghana",,,
"250","270900","288",2023,"MFN","France","270900 --  Petroleum oils and oils obtained from b","Ghana",0,2,0
"250","270900","328",2023,"AHS","France","270900 --  Petroleum oils and oils obtained from b","Guyana",0,2,0
"250","270900","328",2023,"BND","France","270900 --  Petroleum oils and oils obtained from b","Guyana",,,
"250","270900","328",2023,"MFN","France","270900 --  Petroleum oils and oils obtained from b","Guyana",0,2,0
"250","270900","368",2023,"AHS","France","270900 --  Petroleum oils and oils obtained from b","Iraq",0,2,0
"250","270900","368",2023,"BND","France","270900 --  Petroleum oils and oils obtained from b","Iraq",,,
"250","270900","368",2023,"MFN","France","270900 --  Petroleum oils and oils obtained from b","Iraq",0,2,0
"250","270900","414",2023,"AHS","France","270900 --  Petroleum oils and oils obtained from b","Kuwait",0,2,0
"250","270900","414",2023,"BND","France","270900 --  Petroleum oils and oils obtained from b","Kuwait",,,
"250","270900","414",2023,"MFN","France","270900 --  Petroleum oils and oils obtained from b","Kuwait",0,2,0
"250","270900","434",2023,"AHS","France","270900 --  Petroleum oils and oils obtained from b","Libya",0,2,0
"250","270900","434",2023,"BND","France","270900 --  Petroleum oils and oils obtained from b","Libya",,,
"250","270900","434",2023,"MFN","France","270900 --  Petroleum oils and oils obtained from b","Libya",0,2,0
"250","270900","566",2023,"AHS","France","270900 --  Petroleum oils and oils obtained from b","Nigeria",0,2,0
"250","270900","566",2023,"BND","France","270900 --  Petroleum oils and oils obtained from b","Nigeria",,,
"250","270900","566",2023,"MFN","France","270900 --  Petroleum oils and oils obtained from b","Nigeria",0,2,0
"250","270900","578",2023,"AHS","France","270900 --  Petroleum oils and oils obtained from b","Norway",0,2,0
"250","270900","578",2023,"BND","France","270900 --  Petroleum oils and oils obtained from b","Norway",,,
"250","270900","578",2023,"MFN","France","270900 --  Petroleum oils and oils obtained from b","Norway",0,2,0
"250","270900","634",2023,"AHS","France","270900 --  Petroleum oils and oils obtained from b","Qatar",0,2,0
"250","270900","634",2023,"BND","France","270900 --  Petroleum oils and oils obtained from b","Qatar",,,
"250","270900","634",2023,"MFN","France","270900 --  Petroleum oils and oils obtained from b","Qatar",0,2,0
"250","270900","682",2023,"AHS","France","270900 --  Petroleum oils and oils obtained from b","Saudi Arabia",0,2,0
"250","270900","682",2023,"BND","France","270900 --  Petroleum oils and oils obtained from b","Saudi Arabia",,,
"250","270900","682",2023,"MFN","France","270900 --  Petroleum oils and oils obtained from b","Saudi Arabia",0,2,0
"250","270900","710",2023,"AHS","France","270900 --  Petroleum oils and oils obtained from b","South Africa",0,2,0
"250","270900","710",2023,"BND","France","270900 --  Petroleum oils and oils obtained from b","South Africa",,,
"250","270900","710",2023,"MFN","France","270900 --  Petroleum oils and oils obtained from b","South Africa",0,2,0
"250","270900","784",2023,"AHS","France","270900 --  Petroleum oils and oils obtained from b","United Arab Emirates",0,2,0
"250","270900","784",2023,"BND","France","270900 --  Petroleum oils and oils obtained from b","United Arab Emirates",,,
"250","270900","784",2023,"MFN","France","270900 --  Petroleum oils and oils obtained from b","United Arab Emirates",0,2,0
"250","270900","792",2023,"AHS","France","270900 --  Petroleum oils and oils obtained from b","Turkey",0,2,0
"250","270900","792",2023,"BND","France","270900 --  Petroleum oils and oils obtained from b","Turkey",,,
"250","270900","792",2023,"MFN","France","270900 --  Petroleum oils and oils obtained from b","Turkey",0,2,0
"250","270900","826",2023,"AHS","France","270900 --  Petroleum oils and oils obtained from b","United Kingdom",0,2,0
"250","270900","826",2023,"BND","France","270900 --  Petroleum oils and oils obtained from b","United Kingdom",,,
"250","270900","826",2023,"MFN","France","270900 --  Petroleum oils and oils obtained from b","United Kingdom",0,2,0
"250","270900","840",2023,"AHS","France","270900 --  Petroleum oils and oils obtained from b","United States",0,2,0
"250","270900","840",2023,"BND","France","270900 --  Petroleum oils and oils obtained from b","United States",,,
"250","270900","840",2023,"MFN","France","270900 --  Petroleum oils and oils obtained from b","United States",0,2,0
"276","270900","012",2023,"AHS","Germany","270900 --  Petroleum oils and oils obtained from b","Algeria",0,2,0
"276","270900","012",2023,"BND","Germany","270900 --  Petroleum oils and oils obtained from b","Algeria",,,
"276","270900","012",2023,"MFN","Germany","270900 --  Petroleum oils and oils obtained from b","Algeria",0,2,0
"276","270900","024",2023,"AHS","Germany","270900 --  Petroleum oils and oils obtained from b","Angola",0,2,0
"276","270900","024",2023,"BND","Germany","270900 --  Petroleum oils and oils obtained from b","Angola",,,
"276","270900","024",2023,"MFN","Germany","270900 --  Petroleum oils and oils obtained from b","Angola",0,2,0
"276","270900","076",2023,"AHS","Germany","270900 --  Petroleum oils and oils obtained from b","Brazil",0,2,0
"276","270900","076",2023,"BND","Germany","270900 --  Petroleum oils and oils obtained from b","Brazil",,,
"276","270900","076",2023,"MFN","Germany","270900 --  Petroleum oils and oils obtained from b","Brazil",0,2,0
"276","270900","120",2023,"AHS","Germany","270900 --  Petroleum oils and oils obtained from b","Cameroon",0,2,0
"276","270900","120",2023,"BND","Germany","270900 --  Petroleum oils and oils obtained from b","Cameroon",,,
"276","270900","120",2023,"MFN","Germany","270900 --  Petroleum oils and oils obtained from b","Cameroon",0,2,0
"276","270900","124",2023,"AHS","Germany","270900 --  Petroleum oils and oils obtained from b","Canada",0,2,0
"276","270900","124",2023,"BND","Germany","270900 --  Petroleum oils and oils obtained from b","Canada",,,
"276","270900","124",2023,"MFN","Germany","270900 --  Petroleum oils and oils obtained from b","Canada",0,2,0
"276","270900","178",2023,"AHS","Germany","270900 --  Petroleum oils and oils obtained from b","Congo, Rep.",0,2,0
"276","270900","178",2023,"BND","Germany","270900 --  Petroleum oils and oils obtained from b","Congo, Rep.",,,
"276","270900","178",2023,"MFN","Germany","270900 --  Petroleum oils and oils obtained from b","Congo, Rep.",0,2,0
"276","270900","266",2023,"AHS","Germany","270900 --  Petroleum oils and oils obtained from b","Gabon",0,2,0
"276","270900","266",2023,"BND","Germany","270900 --  Petroleum oils and oils obtained from b","Gabon",,,
"276","270900","266",2023,"MFN","Germany","270900 --  Petroleum oils and oils obtained from b","Gabon",0,2,0
"276","270900","328",2023,"AHS","Germany","270900 --  Petroleum oils and oils obtained from b","Guyana",0,2,0
"276","270900","328",2023,"BND","Germany","270900 --  Petroleum oils and oils obtained from b","Guyana",,,
"276","270900","328",2023,"MFN","Germany","270900 --  Petroleum oils and oils obtained from b","Guyana",0,2,0
"276","270900","368",2023,"AHS","Germany","270900 --  Petroleum oils and oils obtained from b","Iraq",0,2,0
"276","270900","368",2023,"BND","Germany","270900 --  Petroleum oils and oils obtained from b","Iraq",,,
"276","270900","368",2023,"MFN","Germany","270900 --  Petroleum oils and oils obtained from b","Iraq",0,2,0
"276","270900","434",2023,"AHS","Germany","270900 --  Petroleum oils and oils obtained from b","Libya",0,2,0
"276","270900","434",2023,"BND","Germany","270900 --  Petroleum oils and oils obtained from b","Libya",,,
"276","270900","434",2023,"MFN","Germany","270900 --  Petroleum oils and oils obtained from b","Libya",0,2,0
"276","270900","484",2023,"AHS","Germany","270900 --  Petroleum oils and oils obtained from b","Mexico",0,2,0
"276","270900","484",2023,"BND","Germany","270900 --  Petroleum oils and oils obtained from b","Mexico",,,
"276","270900","484",2023,"MFN","Germany","270900 --  Petroleum oils and oils obtained from b","Mexico",0,2,0
"276","270900","512",2023,"AHS","Germany","270900 --  Petroleum oils and oils obtained from b","Oman",0,2,0
"276","270900","512",2023,"BND","Germany","270900 --  Petroleum oils and oils obtained from b","Oman",,,
"276","270900","512",2023,"MFN","Germany","270900 --  Petroleum oils and oils obtained from b","Oman",0,2,0
"276","270900","566",2023,"AHS","Germany","270900 --  Petroleum oils and oils obtained from b","Nigeria",0,2,0
"276","270900","566",2023,"BND","Germany","270900 --  Petroleum oils and oils obtained from b","Nigeria",,,
"276","270900","566",2023,"MFN","Germany","270900 --  Petroleum oils and oils obtained from b","Nigeria",0,2,0
"276","270900","578",2023,"AHS","Germany","270900 --  Petroleum oils and oils obtained from b","Norway",0,2,0
"276","270900","578",2023,"BND","Germany","270900 --  Petroleum oils and oils obtained from b","Norway",,,
"276","270900","578",2023,"MFN","Germany","270900 --  Petroleum oils and oils obtained from b","Norway",0,2,0
"276","270900","634",2023,"AHS","Germany","270900 --  Petroleum oils and oils obtained from b","Qatar",0,2,0
"276","270900","634",2023,"BND","Germany","270900 --  Petroleum oils and oils obtained from b","Qatar",,,
"276","270900","634",2023,"MFN","Germany","270900 --  Petroleum oils and oils obtained from b","Qatar",0,2,0
"276","270900","643",2023,"AHS","Germany","270900 --  Petroleum oils and oils obtained from b","Russian Federation",0,2,0
"276","270900","643",2023,"BND","Germany","270900 --  Petroleum oils and oils obtained from b","Russian Federation",,,
"276","270900","643",2023,"MFN","Germany","270900 --  Petroleum oils and oils obtained from b","Russian Federation",0,2,0
"276","270900","682",2023,"AHS","Germany","270900 --  Petroleum oils and oils obtained from b","Saudi Arabia",0,2,0
"276","270900","682",2023,"BND","Germany","270900 --  Petroleum oils and oils obtained from b","Saudi Arabia",,,
"276","270900","682",2023,"MFN","Germany","270900 --  Petroleum oils and oils obtained from b","Saudi Arabia",0,2,0
"276","270900","710",2023,"AHS","Germany","270900 --  Petroleum oils and oils obtained from b","South Africa",0,2,0
"276","270900","710",2023,"BND","Germany","270900 --  Petroleum oils and oils obtained from b","South Africa",,,
"276","270900","710",2023,"MFN","Germany","270900 --  Petroleum oils and oils obtained from b","South Africa",0,2,0
"276","270900","729",2023,"AHS","Germany","270900 --  Petroleum oils and oils obtained from b","Sudan",0,2,0
"276","270900","729",2023,"BND","Germany","270900 --  Petroleum oils and oils obtained from b","Sudan",,,
"276","270900","729",2023,"MFN","Germany","270900 --  Petroleum oils and oils obtained from b","Sudan",0,2,0
"276","270900","784",2023,"AHS","Germany","270900 --  Petroleum oils and oils obtained from b","United Arab Emirates",0,2,0
"276","270900","784",2023,"BND","Germany","270900 --  Petroleum oils and oils obtained from b","United Arab Emirates",,,
"276","270900","784",2023,"MFN","Germany","270900 --  Petroleum oils and oils obtained from b","United Arab Emirates",0,2,0
"276","270900","826",2023,"AHS","Germany","270900 --  Petroleum oils and oils obtained from b","United Kingdom",0,2,0
"276","270900","826",2023,"BND","Germany","270900 --  Petroleum oils and oils obtained from b","United Kingdom",,,
"276","270900","826",2023,"MFN","Germany","270900 --  Petroleum oils and oils obtained from b","United Kingdom",0,2,0
"276","270900","840",2023,"AHS","Germany","270900 --  Petroleum oils and oils obtained from b","United States",0,2,0
"276","270900","840",2023,"BND","Germany","270900 --  Petroleum oils and oils obtained from b","United States",,,
"276","270900","840",2023,"MFN","Germany","270900 --  Petroleum oils and oils obtained from b","United States",0,2,0
"300","270900","012",2023,"AHS","Greece","270900 --  Petroleum oils and oils obtained from b","Algeria",0,2,0
"300","270900","012",2023,"BND","Greece","270900 --  Petroleum oils and oils obtained from b","Algeria",,,
"300","270900","012",2023,"MFN","Greece","270900 --  Petroleum oils and oils obtained from b","Algeria",0,2,0
"300","270900","076",2023,"AHS","Greece","270900 --  Petroleum oils and oils obtained from b","Brazil",0,2,0
"300","270900","076",2023,"BND","Greece","270900 --  Petroleum oils and oils obtained from b","Brazil",,,
"300","270900","076",2023,"MFN","Greece","270900 --  Petroleum oils and oils obtained from b","Brazil",0,2,0
"300","270900","328",2023,"AHS","Greece","270900 --  Petroleum oils and oils obtained from b","Guyana",0,2,0
"300","270900","328",2023,"BND","Greece","270900 --  Petroleum oils and oils obtained from b","Guyana",,,
"300","270900","328",2023,"MFN","Greece","270900 --  Petroleum oils and oils obtained from b","Guyana",0,2,0
"300","270900","368",2023,"AHS","Greece","270900 --  Petroleum oils and oils obtained from b","Iraq",0,2,0
"300","270900","368",2023,"BND","Greece","270900 --  Petroleum oils and oils obtained from b","Iraq",,,
"300","270900","368",2023,"MFN","Greece","270900 --  Petroleum oils and oils obtained from b","Iraq",0,2,0
"300","270900","434",2023,"AHS","Greece","270900 --  Petroleum oils and oils obtained from b","Libya",0,2,0
"300","270900","434",2023,"BND","Greece","270900 --  Petroleum oils and oils obtained from b","Libya",,,
"300","270900","434",2023,"MFN","Greece","270900 --  Petroleum oils and oils obtained from b","Libya",0,2,0
"300","270900","566",2023,"AHS","Greece","270900 --  Petroleum oils and oils obtained from b","Nigeria",0,2,0
"300","270900","566",2023,"BND","Greece","270900 --  Petroleum oils and oils obtained from b","Nigeria",,,
"300","270900","566",2023,"MFN","Greece","270900 --  Petroleum oils and oils obtained from b","Nigeria",0,2,0
"300","270900","578",2023,"AHS","Greece","270900 --  Petroleum oils and oils obtained from b","Norway",0,2,0
"300","270900","578",2023,"BND","Greece","270900 --  Petroleum oils and oils obtained from b","Norway",,,
"300","270900","578",2023,"MFN","Greece","270900 --  Petroleum oils and oils obtained from b","Norway",0,2,0
"300","270900","682",2023,"AHS","Greece","270900 --  Petroleum oils and oils obtained from b","Saudi Arabia",0,2,0
"300","270900","682",2023,"BND","Greece","270900 --  Petroleum oils and oils obtained from b","Saudi Arabia",,,
"300","270900","682",2023,"MFN","Greece","270900 --  Petroleum oils and oils obtained from b","Saudi Arabia",0,2,0
"300","270900","784",2023,"AHS","Greece","270900 --  Petroleum oils and oils obtained from b","United Arab Emirates",0,2,0
"300","270900","784",2023,"BND","Greece","270900 --  Petroleum oils and oils obtained from b","United Arab Emirates",,,
"300","270900","784",2023,"MFN","Greece","270900 --  Petroleum oils and oils obtained from b","United Arab Emirates",0,2,0
"300","270900","792",2023,"AHS","Greece","270900 --  Petroleum oils and oils obtained from b","Turkey",0,2,0
"300","270900","792",2023,"BND","Greece","270900 --  Petroleum oils and oils obtained from b","Turkey",,,
"300","270900","792",2023,"MFN","Greece","270900 --  Petroleum oils and oils obtained from b","Turkey",0,2,0
"300","270900","826",2023,"AHS","Greece","270900 --  Petroleum oils and oils obtained from b","United Kingdom",0,2,0
"300","270900","826",2023,"BND","Greece","270900 --  Petroleum oils and oils obtained from b","United Kingdom",,,
"300","270900","826",2023,"MFN","Greece","270900 --  Petroleum oils and oils obtained from b","United Kingdom",0,2,0
"356","270900","012",2023,"AHS","India","270900 --  Petroleum oils and oils obtained from b","Algeria",0,2,0
"356","270900","012",2023,"BND","India","270900 --  Petroleum oils and oils obtained from b","Algeria",,,
"356","270900","012",2023,"MFN","India","270900 --  Petroleum oils and oils obtained from b","Algeria",0,2,0
"356","270900","024",2023,"AHS","India","270900 --  Petroleum oils and oils obtained from b","Angola",0,2,0
"356","270900","024",2023,"BND","India","270900 --  Petroleum oils and oils obtained from b","Angola",,,
"356","270900","024",2023,"MFN","India","270900 --  Petroleum oils and oils obtained from b","Angola",0,2,0
"356","270900","032",2023,"AHS","India","270900 --  Petroleum oils and oils obtained from b","Argentina",0,2,0
"356","270900","032",2023,"BND","India","270900 --  Petroleum oils and oils obtained from b","Argentina",,,
"356","270900","032",2023,"MFN","India","270900 --  Petroleum oils and oils obtained from b","Argentina",0,2,0
"356","270900","076",2023,"AHS","India","270900 --  Petroleum oils and oils obtained from b","Brazil",0,2,0
"356","270900","076",2023,"BND","India","270900 --  Petroleum oils and oils obtained from b","Brazil",,,
"356","270900","076",2023,"MFN","India","270900 --  Petroleum oils and oils obtained from b","Brazil",0,2,0
"356","270900","120",2023,"AHS","India","270900 --  Petroleum oils and oils obtained from b","Cameroon",0,2,0
"356","270900","120",2023,"BND","India","270900 --  Petroleum oils and oils obtained from b","Cameroon",,,
"356","270900","120",2023,"MFN","India","270900 --  Petroleum oils and oils obtained from b","Cameroon",0,2,0
"356","270900","124",2023,"AHS","India","270900 --  Petroleum oils and oils obtained from b","Canada",0,2,0
"356","270900","124",2023,"BND","India","270900 --  Petroleum oils and oils obtained from b","Canada",,,
"356","270900","124",2023,"MFN","India","270900 --  Petroleum oils and oils obtained from b","Canada",0,2,0
"356","270900","170",2023,"AHS","India","270900 --  Petroleum oils and oils obtained from b","Colombia",0,2,0
"356","270900","170",2023,"BND","India","270900 --  Petroleum oils and oils obtained from b","Colombia",,,
"356","270900","170",2023,"MFN","India","270900 --  Petroleum oils and oils obtained from b","Colombia",0,2,0
"356","270900","178",2023,"AHS","India","270900 --  Petroleum oils and oils obtained from b","Congo, Rep.",0,2,0
"356","270900","178",2023,"BND","India","270900 --  Petroleum oils and oils obtained from b","Congo, Rep.",,,
"356","270900","178",2023,"MFN","India","270900 --  Petroleum oils and oils obtained from b","Congo, Rep.",0,2,0
"356","270900","218",2023,"AHS","India","270900 --  Petroleum oils and oils obtained from b","Ecuador",0,2,0
"356","270900","218",2023,"BND","India","270900 --  Petroleum oils and oils obtained from b","Ecuador",,,
"356","270900","218",2023,"MFN","India","270900 --  Petroleum oils and oils obtained from b","Ecuador",0,2,0
"356","270900","368",2023,"AHS","India","270900 --  Petroleum oils and oils obtained from b","Iraq",0,2,0
"356","270900","368",2023,"BND","India","270900 --  Petroleum oils and oils obtained from b","Iraq",,,
"356","270900","368",2023,"MFN","India","270900 --  Petroleum oils and oils obtained from b","Iraq",0,2,0
"356","270900","414",2023,"AHS","India","270900 --  Petroleum oils and oils obtained from b","Kuwait",0,2,0
"356","270900","414",2023,"BND","India","270900 --  Petroleum oils and oils obtained from b","Kuwait",,,
"356","270900","414",2023,"MFN","India","270900 --  Petroleum oils and oils obtained from b","Kuwait",0,2,0
"356","270900","434",2023,"AHS","India","270900 --  Petroleum oils and oils obtained from b","Libya",0,2,0
"356","270900","434",2023,"BND","India","270900 --  Petroleum oils and oils obtained from b","Libya",,,
"356","270900","434",2023,"MFN","India","270900 --  Petroleum oils and oils obtained from b","Libya",0,2,0
"356","270900","484",2023,"AHS","India","270900 --  Petroleum oils and oils obtained from b","Mexico",0,2,0
"356","270900","484",2023,"BND","India","270900 --  Petroleum oils and oils obtained from b","Mexico",,,
"356","270900","484",2023,"MFN","India","270900 --  Petroleum oils and oils obtained from b","Mexico",0,2,0
"356","270900","512",2023,"AHS","India","270900 --  Petroleum oils and oils obtained from b","Oman",0,2,0
"356","270900","512",2023,"BND","India","270900 --  Petroleum oils and oils obtained from b","Oman",,,
"356","270900","512",2023,"MFN","India","270900 --  Petroleum oils and oils obtained from b","Oman",0,2,0
"356","270900","566",2023,"AHS","India","270900 --  Petroleum oils and oils obtained from b","Nigeria",0,2,0
"356","270900","566",2023,"BND","India","270900 --  Petroleum oils and oils obtained from b","Nigeria",,,
"356","270900","566",2023,"MFN","India","270900 --  Petroleum oils and oils obtained from b","Nigeria",0,2,0
"356","270900","634",2023,"AHS","India","270900 --  Petroleum oils and oils obtained from b","Qatar",0,2,0
"356","270900","634",2023,"BND","India","270900 --  Petroleum oils and oils obtained from b","Qatar",,,
"356","270900","634",2023,"MFN","India","270900 --  Petroleum oils and oils obtained from b","Qatar",0,2,0
"356","270900","643",2023,"AHS","India","270900 --  Petroleum oils and oils obtained from b","Russian Federation",0,2,0
"356","270900","643",2023,"BND","India","270900 --  Petroleum oils and oils obtained from b","Russian Federation",,,
"356","270900","643",2023,"MFN","India","270900 --  Petroleum oils and oils obtained from b","Russian Federation",0,2,0
"356","270900","682",2023,"AHS","India","270900 --  Petroleum oils and oils obtained from b","Saudi Arabia",0,2,0
"356","270900","682",2023,"BND","India","270900 --  Petroleum oils and oils obtained from b","Saudi Arabia",,,
"356","270900","682",2023,"MFN","India","270900 --  Petroleum oils and oils obtained from b","Saudi Arabia",0,2,0
"356","270900","729",2023,"AHS","India","270900 --  Petroleum oils and oils obtained from b","Sudan",0,2,0
"356","270900","729",2023,"BND","India","270900 --  Petroleum oils and oils obtained from b","Sudan",,,
"356","270900","729",2023,"MFN","India","270900 --  Petroleum oils and oils obtained from b","Sudan",0,2,0
"356","270900","784",2023,"AHS","India","270900 --  Petroleum oils and oils obtained from b","United Arab Emirates",0,2,0
"356","270900","784",2023,"BND","India","270900 --  Petroleum oils and oils obtained from b","United Arab Emirates",,,
"356","270900","784",2023,"MFN","India","270900 --  Petroleum oils and oils obtained from b","United Arab Emirates",0,2,0
"356","270900","792",2023,"AHS","India","270900 --  Petroleum oils and oils obtained from b","Turkey",0,2,0
"356","270900","792",2023,"BND","India","270900 --  Petroleum oils and oils obtained from b","Turkey",,,
"356","270900","792",2023,"MFN","India","270900 --  Petroleum oils and oils obtained from b","Turkey",0,2,0
"356","270900","840",2023,"AHS","India","270900 --  Petroleum oils and oils obtained from b","United States",0,2,0
"356","270900","840",2023,"BND","India","270900 --  Petroleum oils and oils obtained from b","United States",,,
"356","270900","840",2023,"MFN","India","270900 --  Petroleum oils and oils obtained from b","United States",0,2,0
"360","270900","012",2023,"AHS","Indonesia","270900 --  Petroleum oils and oils obtained from b","Algeria",0,3,0
"360","270900","012",2023,"BND","Indonesia","270900 --  Petroleum oils and oils obtained from b","Algeria",,,
"360","270900","012",2023,"MFN","Indonesia","270900 --  Petroleum oils and oils obtained from b","Algeria",0,3,0
"360","270900","024",2023,"AHS","Indonesia","270900 --  Petroleum oils and oils obtained from b","Angola",0,3,0
"360","270900","024",2023,"BND","Indonesia","270900 --  Petroleum oils and oils obtained from b","Angola",,,
"360","270900","024",2023,"MFN","Indonesia","270900 --  Petroleum oils and oils obtained from b","Angola",0,3,0
"360","270900","036",2023,"AHS","Indonesia","270900 --  Petroleum oils and oils obtained from b","Australia",0,3,0
"360","270900","036",2023,"BND","Indonesia","270900 --  Petroleum oils and oils obtained from b","Australia",,,
"360","270900","036",2023,"MFN","Indonesia","270900 --  Petroleum oils and oils obtained from b","Australia",0,3,0
"360","270900","076",2023,"AHS","Indonesia","270900 --  Petroleum oils and oils obtained from b","Brazil",0,3,0
"360","270900","076",2023,"BND","Indonesia","270900 --  Petroleum oils and oils obtained from b","Brazil",,,
"360","270900","076",2023,"MFN","Indonesia","270900 --  Petroleum oils and oils obtained from b","Brazil",0,3,0
"360","270900","120",2023,"AHS","Indonesia","270900 --  Petroleum oils and oils obtained from b","Cameroon",0,3,0
"360","270900","120",2023,"BND","Indonesia","270900 --  Petroleum oils and oils obtained from b","Cameroon",,,
"360","270900","120",2023,"MFN","Indonesia","270900 --  Petroleum oils and oils obtained from b","Cameroon",0,3,0
"360","270900","266",2023,"AHS","Indonesia","270900 --  Petroleum oils and oils obtained from b","Gabon",0,3,0
"360","270900","266",2023,"BND","Indonesia","270900 --  Petroleum oils and oils obtained from b","Gabon",,,
"360","270900","266",2023,"MFN","Indonesia","270900 --  Petroleum oils and oils obtained from b","Gabon",0,3,0
"360","270900","434",2023,"AHS","Indonesia","270900 --  Petroleum oils and oils obtained from b","Libya",0,3,0
"360","270900","434",2023,"BND","Indonesia","270900 --  Petroleum oils and oils obtained from b","Libya",,,
"360","270900","434",2023,"MFN","Indonesia","270900 --  Petroleum oils and oils obtained from b","Libya",0,3,0
"360","270900","566",2023,"AHS","Indonesia","270900 --  Petroleum oils and oils obtained from b","Nigeria",0,3,0
"360","270900","566",2023,"BND","Indonesia","270900 --  Petroleum oils and oils obtained from b","Nigeria",,,
"360","270900","566",2023,"MFN","Indonesia","270900 --  Petroleum oils and oils obtained from b","Nigeria",0,3,0
"360","270900","634",2023,"AHS","Indonesia","270900 --  Petroleum oils and oils obtained from b","Qatar",0,3,0
"360","270900","634",2023,"BND","Indonesia","270900 --  Petroleum oils and oils obtained from b","Qatar",,,
"360","270900","634",2023,"MFN","Indonesia","270900 --  Petroleum oils and oils obtained from b","Qatar",0,3,0
"360","270900","682",2023,"AHS","Indonesia","270900 --  Petroleum oils and oils obtained from b","Saudi Arabia",0,3,0
"360","270900","682",2023,"BND","Indonesia","270900 --  Petroleum oils and oils obtained from b","Saudi Arabia",,,
"360","270900","682",2023,"MFN","Indonesia","270900 --  Petroleum oils and oils obtained from b","Saudi Arabia",0,3,0
"360","270900","784",2023,"AHS","Indonesia","270900 --  Petroleum oils and oils obtained from b","United Arab Emirates",0,3,0
"360","270900","784",2023,"BND","Indonesia","270900 --  Petroleum oils and oils obtained from b","United Arab Emirates",,,
"360","270900","784",2023,"MFN","Indonesia","270900 --  Petroleum oils and oils obtained from b","United Arab Emirates",0,3,0
"360","270900","792",2023,"AHS","Indonesia","270900 --  Petroleum oils and oils obtained from b","Turkey",0,3,0
"360","270900","792",2023,"BND","Indonesia","270900 --  Petroleum oils and oils obtained from b","Turkey",,,
"360","270900","792",2023,"MFN","Indonesia","270900 --  Petroleum oils and oils obtained from b","Turkey",0,3,0
"360","270900","840",2023,"AHS","Indonesia","270900 --  Petroleum oils and oils obtained from b","United States",0,3,0
"360","270900","840",2023,"BND","Indonesia","270900 --  Petroleum oils and oils obtained from b","United States",,,
"360","270900","840",2023,"MFN","Indonesia","270900 --  Petroleum oils and oils obtained from b","United States",0,3,0
"380","270900","012",2023,"AHS","Italy","270900 --  Petroleum oils and oils obtained from b","Algeria",0,2,0
"380","270900","012",2023,"BND","Italy","270900 --  Petroleum oils and oils obtained from b","Algeria",,,
"380","270900","012",2023,"MFN","Italy","270900 --  Petroleum oils and oils obtained from b","Algeria",0,2,0
"380","270900","024",2023,"AHS","Italy","270900 --  Petroleum oils and oils obtained from b","Angola",0,2,0
"380","270900","024",2023,"BND","Italy","270900 --  Petroleum oils and oils obtained from b","Angola",,,
"380","270900","024",2023,"MFN","Italy","270900 --  Petroleum oils and oils obtained from b","Angola",0,2,0
"380","270900","076",2023,"AHS","Italy","270900 --  Petroleum oils and oils obtained from b","Brazil",0,2,0
"380","270900","076",2023,"BND","Italy","270900 --  Petroleum oils and oils obtained from b","Brazil",,,
"380","270900","076",2023,"MFN","Italy","270900 --  Petroleum oils and oils obtained from b","Brazil",0,2,0
"380","270900","120",2023,"AHS","Italy","270900 --  Petroleum oils and oils obtained from b","Cameroon",0,2,0
"380","270900","120",2023,"BND","Italy","270900 --  Petroleum oils and oils obtained from b","Cameroon",,,
"380","270900","120",2023,"MFN","Italy","270900 --  Petroleum oils and oils obtained from b","Cameroon",0,2,0
"380","270900","178",2023,"AHS","Italy","270900 --  Petroleum oils and oils obtained from b","Congo, Rep.",0,2,0
"380","270900","178",2023,"BND","Italy","270900 --  Petroleum oils and oils obtained from b","Congo, Rep.",,,
"380","270900","178",2023,"MFN","Italy","270900 --  Petroleum oils and oils obtained from b","Congo, Rep.",0,2,0
"380","270900","266",2023,"AHS","Italy","270900 --  Petroleum oils and oils obtained from b","Gabon",0,2,0
"380","270900","266",2023,"BND","Italy","270900 --  Petroleum oils and oils obtained from b","Gabon",,,
"380","270900","266",2023,"MFN","Italy","270900 --  Petroleum oils and oils obtained from b","Gabon",0,2,0
"380","270900","288",2023,"AHS","Italy","270900 --  Petroleum oils and oils obtained from b","Ghana",0,2,0
"380","270900","288",2023,"BND","Italy","270900 --  Petroleum oils and oils obtained from b","Ghana",,,
"380","270900","288",2023,"MFN","Italy","270900 --  Petroleum oils and oils obtained from b","Ghana",0,2,0
"380","270900","328",2023,"AHS","Italy","270900 --  Petroleum oils and oils obtained from b","Guyana",0,2,0
"380","270900","328",2023,"BND","Italy","270900 --  Petroleum oils and oils obtained from b","Guyana",,,
"380","270900","328",2023,"MFN","Italy","270900 --  Petroleum oils and oils obtained from b","Guyana",0,2,0
"380","270900","368",2023,"AHS","Italy","270900 --  Petroleum oils and oils obtained from b","Iraq",0,2,0
"380","270900","368",2023,"BND","Italy","270900 --  Petroleum oils and oils obtained from b","Iraq",,,
"380","270900","368",2023,"MFN","Italy","270900 --  Petroleum oils and oils obtained from b","Iraq",0,2,0
"380","270900","434",2023,"AHS","Italy","270900 --  Petroleum oils and oils obtained from b","Libya",0,2,0
"380","270900","434",2023,"BND","Italy","270900 --  Petroleum oils and oils obtained from b","Libya",,,
"380","270900","434",2023,"MFN","Italy","270900 --  Petroleum oils and oils obtained from b","Libya",0,2,0
"380","270900","484",2023,"AHS","Italy","270900 --  Petroleum oils and oils obtained from b","Mexico",0,2,0
"380","270900","484",2023,"BND","Italy","270900 --  Petroleum oils and oils obtained from b","Mexico",,,
"380","270900","484",2023,"MFN","Italy","270900 --  Petroleum oils and oils obtained from b","Mexico",0,2,0
"380","270900","566",2023,"AHS","Italy","270900 --  Petroleum oils and oils obtained from b","Nigeria",0,2,0
"380","270900","566",2023,"BND","Italy","270900 --  Petroleum oils and oils obtained from b","Nigeria",,,
"380","270900","566",2023,"MFN","Italy","270900 --  Petroleum oils and oils obtained from b","Nigeria",0,2,0
"380","270900","578",2023,"AHS","Italy","270900 --  Petroleum oils and oils obtained from b","Norway",0,2,0
"380","270900","578",2023,"BND","Italy","270900 --  Petroleum oils and oils obtained from b","Norway",,,
"380","270900","578",2023,"MFN","Italy","270900 --  Petroleum oils and oils obtained from b","Norway",0,2,0
"380","270900","682",2023,"AHS","Italy","270900 --  Petroleum oils and oils obtained from b","Saudi Arabia",0,2,0
"380","270900","682",2023,"BND","Italy","270900 --  Petroleum oils and oils obtained from b","Saudi Arabia",,,
"380","270900","682",2023,"MFN","Italy","270900 --  Petroleum oils and oils obtained from b","Saudi Arabia",0,2,0
"380","270900","729",2023,"AHS","Italy","270900 --  Petroleum oils and oils obtained from b","Sudan",0,2,0
"380","270900","729",2023,"BND","Italy","270900 --  Petroleum oils and oils obtained from b","Sudan",,,
"380","270900","729",2023,"MFN","Italy","270900 --  Petroleum oils and oils obtained from b","Sudan",0,2,0
"380","270900","784",2023,"AHS","Italy","270900 --  Petroleum oils and oils obtained from b","United Arab Emirates",0,2,0
"380","270900","784",2023,"BND","Italy","270900 --  Petroleum oils and oils obtained from b","United Arab Emirates",,,
"380","270900","784",2023,"MFN","Italy","270900 --  Petroleum oils and oils obtained from b","United Arab Emirates",0,2,0
"380","270900","792",2023,"AHS","Italy","270900 --  Petroleum oils and oils obtained from b","Turkey",0,2,0
"380","270900","792",2023,"BND","Italy","270900 --  Petroleum oils and oils obtained from b","Turkey",,,
"380","270900","792",2023,"MFN","Italy","270900 --  Petroleum oils and oils obtained from b","Turkey",0,2,0
"380","270900","826",2023,"AHS","Italy","270900 --  Petroleum oils and oils obtained from b","United Kingdom",0,2,0
"380","270900","826",2023,"BND","Italy","270900 --  Petroleum oils and oils obtained from b","United Kingdom",,,
"380","270900","826",2023,"MFN","Italy","270900 --  Petroleum oils and oils obtained from b","United Kingdom",0,2,0
"380","270900","840",2023,"AHS","Italy","270900 --  Petroleum oils and oils obtained from b","United States",0,2,0
"380","270900","840",2023,"BND","Italy","270900 --  Petroleum oils and oils obtained from b","United States",,,
"380","270900","840",2023,"MFN","Italy","270900 --  Petroleum oils and oils obtained from b","United States",0,2,0
"384","270900","170",2023,"AHS","Cote d'Ivoire","270900 --  Petroleum oils and oils obtained from b","Colombia",0,1,0
"384","270900","170",2023,"BND","Cote d'Ivoire","270900 --  Petroleum oils and oils obtained from b","Colombia",,1,
"384","270900","170",2023,"MFN","Cote d'Ivoire","270900 --  Petroleum oils and oils obtained from b","Colombia",0,1,0
"384","270900","218",2023,"AHS","Cote d'Ivoire","270900 --  Petroleum oils and oils obtained from b","Ecuador",0,1,0
"384","270900","218",2023,"BND","Cote d'Ivoire","270900 --  Petroleum oils and oils obtained from b","Ecuador",,1,
"384","270900","218",2023,"MFN","Cote d'Ivoire","270900 --  Petroleum oils and oils obtained from b","Ecuador",0,1,0
"384","270900","566",2023,"AHS","Cote d'Ivoire","270900 --  Petroleum oils and oils obtained from b","Nigeria",0,1,0
"384","270900","566",2023,"BND","Cote d'Ivoire","270900 --  Petroleum oils and oils obtained from b","Nigeria",,1,
"384","270900","566",2023,"MFN","Cote d'Ivoire","270900 --  Petroleum oils and oils obtained from b","Nigeria",0,1,0
"392","270900","036",2023,"AHS","Japan","270900 --  Petroleum oils and oils obtained from b","Australia",0,2,0
"392","270900","036",2023,"BND","Japan","270900 --  Petroleum oils and oils obtained from b","Australia",,,
"392","270900","036",2023,"MFN","Japan","270900 --  Petroleum oils and oils obtained from b","Australia",0,2,0
"392","270900","170",2023,"AHS","Japan","270900 --  Petroleum oils and oils obtained from b","Colombia",0,2,0
"392","270900","170",2023,"BND","Japan","270900 --  Petroleum oils and oils obtained from b","Colombia",,,
"392","270900","170",2023,"MFN","Japan","270900 --  Petroleum oils and oils obtained from b","Colombia",0,2,0
"392","270900","218",2023,"AHS","Japan","270900 --  Petroleum oils and oils obtained from b","Ecuador",0,2,0
"392","270900","218",2023,"BND","Japan","270900 --  Petroleum oils and oils obtained from b","Ecuador",,,
"392","270900","218",2023,"MFN","Japan","270900 --  Petroleum oils and oils obtained from b","Ecuador",0,2,0
"392","270900","360",2023,"AHS","Japan","270900 --  Petroleum oils and oils obtained from b","Indonesia",0,2,0
"392","270900","360",2023,"BND","Japan","270900 --  Petroleum oils and oils obtained from b","Indonesia",,,
"392","270900","360",2023,"MFN","Japan","270900 --  Petroleum oils and oils obtained from b","Indonesia",0,2,0
"392","270900","414",2023,"AHS","Japan","270900 --  Petroleum oils and oils obtained from b","Kuwait",0,2,0
"392","270900","414",2023,"BND","Japan","270900 --  Petroleum oils and oils obtained from b","Kuwait",,,
"392","270900","414",2023,"MFN","Japan","270900 --  Petroleum oils and oils obtained from b","Kuwait",0,2,0
"392","270900","512",2023,"AHS","Japan","270900 --  Petroleum oils and oils obtained from b","Oman",0,2,0
"392","270900","512",2023,"BND","Japan","270900 --  Petroleum oils and oils obtained from b","Oman",,,
"392","270900","512",2023,"MFN","Japan","270900 --  Petroleum oils and oils obtained from b","Oman",0,2,0
"392","270900","634",2023,"AHS","Japan","270900 --  Petroleum oils and oils obtained from b","Qatar",0,2,0
"392","270900","634",2023,"BND","Japan","270900 --  Petroleum oils and oils obtained from b","Qatar",,,
"392","270900","634",2023,"MFN","Japan","270900 --  Petroleum oils and oils obtained from b","Qatar",0,2,0
"392","270900","643",2023,"AHS","Japan","270900 --  Petroleum oils and oils obtained from b","Russian Federation",0,2,0
"392","270900","643",2023,"BND","Japan","270900 --  Petroleum oils and oils obtained from b","Russian Federation",,,
"392","270900","643",2023,"MFN","Japan","270900 --  Petroleum oils and oils obtained from b","Russian Federation",0,2,0
"392","270900","682",2023,"AHS","Japan","270900 --  Petroleum oils and oils obtained from b","Saudi Arabia",0,2,0
"392","270900","682",2023,"BND","Japan","270900 --  Petroleum oils and oils obtained from b","Saudi Arabia",,,
"392","270900","682",2023,"MFN","Japan","270900 --  Petroleum oils and oils obtained from b","Saudi Arabia",0,2,0
"392","270900","784",2023,"AHS","Japan","270900 --  Petroleum oils and oils obtained from b","United Arab Emirates",0,2,0
"392","270900","784",2023,"BND","Japan","270900 --  Petroleum oils and oils obtained from b","United Arab Emirates",,,
"392","270900","784",2023,"MFN","Japan","270900 --  Petroleum oils and oils obtained from b","United Arab Emirates",0,2,0
"392","270900","840",2023,"AHS","Japan","270900 --  Petroleum oils and oils obtained from b","United States",0,2,0
"392","270900","840",2023,"BND","Japan","270900 --  Petroleum oils and oils obtained from b","United States",,,
"392","270900","840",2023,"MFN","Japan","270900 --  Petroleum oils and oils obtained from b","United States",0,2,0
"410","270900","012",2023,"AHS","Korea, Rep.","270900 --  Petroleum oils and oils obtained from b","Algeria",3,10,3
"410","270900","012",2023,"BND","Korea, Rep.","270900 --  Petroleum oils and oils obtained from b","Algeria",,,
"410","270900","012",2023,"MFN","Korea, Rep.","270900 --  Petroleum oils and oils obtained from b","Algeria",3,10,3
"410","270900","032",2023,"AHS","Korea, Rep.","270900 --  Petroleum oils and oils obtained from b","Argentina",3,10,3
"410","270900","032",2023,"BND","Korea, Rep.","270900 --  Petroleum oils and oils obtained from b","Argentina",,,
"410","270900","032",2023,"MFN","Korea, Rep.","270900 --  Petroleum oils and oils obtained from b","Argentina",3,10,3
"410","270900","036",2023,"AHS","Korea, Rep.","270900 --  Petroleum oils and oils obtained from b","Australia",0,10,0
"410","270900","036",2023,"BND","Korea, Rep.","270900 --  Petroleum oils and oils obtained from b","Australia",,,
"410","270900","036",2023,"MFN","Korea, Rep.","270900 --  Petroleum oils and oils obtained from b","Australia",3,10,3
"410","270900","076",2023,"AHS","Korea, Rep.","270900 --  Petroleum oils and oils obtained from b","Brazil",3,10,3
"410","270900","076",2023,"BND","Korea, Rep.","270900 --  Petroleum oils and oils obtained from b","Brazil",,,
"410","270900","076",2023,"MFN","Korea, Rep.","270900 --  Petroleum oils and oils obtained from b","Brazil",3,10,3
"410","270900","120",2023,"AHS","Korea, Rep.","270900 --  Petroleum oils and oils obtained from b","Cameroon",3,10,3
"410","270900","120",2023,"BND","Korea, Rep.","270900 --  Petroleum oils and oils obtained from b","Cameroon",,,
"410","270900","120",2023,"MFN","Korea, Rep.","270900 --  Petroleum oils and oils obtained from b","Cameroon",3,10,3
"410","270900","124",2023,"AHS","Korea, Rep.","270900 --  Petroleum oils and oils obtained from b","Canada",0,10,0
"410","270900","124",2023,"BND","Korea, Rep.","270900 --  Petroleum oils and oils obtained from b","Canada",,,
"410","270900","124",2023,"MFN","Korea, Rep.","270900 --  Petroleum oils and oils obtained from b","Canada",3,10,3
"410","270900","170",2023,"AHS","Korea, Rep.","270900 --  Petroleum oils and oils obtained from b","Colombia",0,10,0
"410","270900","170",2023,"BND","Korea, Rep.","270900 --  Petroleum oils and oils obtained from b","Colombia",,,
"410","270900","170",2023,"MFN","Korea, Rep.","270900 --  Petroleum oils and oils obtained from b","Colombia",3,10,3
"410","270900","218",2023,"AHS","Korea, Rep.","270900 --  Petroleum oils and oils obtained from b","Ecuador",3,10,3
"410","270900","218",2023,"BND","Korea, Rep.","270900 --  Petroleum oils and oils obtained from b","Ecuador",,,
"410","270900","218",2023,"MFN","Korea, Rep.","270900 --  Petroleum oils and oils obtained from b","Ecuador",3,10,3
"410","270900","266",2023,"AHS","Korea, Rep.","270900 --  Petroleum oils and oils obtained from b","Gabon",3,10,3
"410","270900","266",2023,"BND","Korea, Rep.","270900 --  Petroleum oils and oils obtained from b","Gabon",,,
"410","270900","266",2023,"MFN","Korea, Rep.","270900 --  Petroleum oils and oils obtained from b","Gabon",3,10,3
"410","270900","360",2023,"AHS","Korea, Rep.","270900 --  Petroleum oils and oils obtained from b","Indonesia",0,10,0
"410","270900","360",2023,"BND","Korea, Rep.","270900 --  Petroleum oils and oils obtained from b","Indonesia",,,
"410","270900","360",2023,"MFN","Korea, Rep.","270900 --  Petroleum oils and oils obtained from b","Indonesia",3,10,3
"410","270900","368",2023,"AHS","Korea, Rep.","270900 --  Petroleum oils and oils obtained from b","Iraq",3,10,3
"410","270900","368",2023,"BND","Korea, Rep.","270900 --  Petroleum oils and oils obtained from b","Iraq",,,
"410","270900","368",2023,"MFN","Korea, Rep.","270900 --  Petroleum oils and oils obtained from b","Iraq",3,10,3
"410","270900","414",2023,"AHS","Korea, Rep.","270900 --  Petroleum oils and oils obtained from b","Kuwait",3,10,3
"410","270900","414",2023,"BND","Korea, Rep.","270900 --  Petroleum oils and oils obtained from b","Kuwait",,,
"410","270900","414",2023,"MFN","Korea, Rep.","270900 --  Petroleum oils and oils obtained from b","Kuwait",3,10,3
"410","270900","484",2023,"AHS","Korea, Rep.","270900 --  Petroleum oils and oils obtained from b","Mexico",3,10,3
"410","270900","484",2023,"BND","Korea, Rep.","270900 --  Petroleum oils and oils obtained from b","Mexico",,,
"410","270900","484",2023,"MFN","Korea, Rep.","270900 --  Petroleum oils and oils obtained from b","Mexico",3,10,3
"410","270900","512",2023,"AHS","Korea, Rep.","270900 --  Petroleum oils and oils obtained from b","Oman",3,10,3
"410","270900","512",2023,"BND","Korea, Rep.","270900 --  Petroleum oils and oils obtained from b","Oman",,,
"410","270900","512",2023,"MFN","Korea, Rep.","270900 --  Petroleum oils and oils obtained from b","Oman",3,10,3
"410","270900","566",2023,"AHS","Korea, Rep.","270900 --  Petroleum oils and oils obtained from b","Nigeria",3,10,3
"410","270900","566",2023,"BND","Korea, Rep.","270900 --  Petroleum oils and oils obtained from b","Nigeria",,,
"410","270900","566",2023,"MFN","Korea, Rep.","270900 --  Petroleum oils and oils obtained from b","Nigeria",3,10,3
"410","270900","578",2023,"AHS","Korea, Rep.","270900 --  Petroleum oils and oils obtained from b","Norway",0,10,0
"410","270900","578",2023,"BND","Korea, Rep.","270900 --  Petroleum oils and oils obtained from b","Norway",,,
"410","270900","578",2023,"MFN","Korea, Rep.","270900 --  Petroleum oils and oils obtained from b","Norway",3,10,3
"410","270900","634",2023,"AHS","Korea, Rep.","270900 --  Petroleum oils and oils obtained from b","Qatar",3,10,3
"410","270900","634",2023,"BND","Korea, Rep.","270900 --  Petroleum oils and oils obtained from b","Qatar",,,
"410","270900","634",2023,"MFN","Korea, Rep.","270900 --  Petroleum oils and oils obtained from b","Qatar",3,10,3
"410","270900","682",2023,"AHS","Korea, Rep.","270900 --  Petroleum oils and oils obtained from b","Saudi Arabia",3,10,3
"410","270900","682",2023,"BND","Korea, Rep.","270900 --  Petroleum oils and oils obtained from b","Saudi Arabia",,,
"410","270900","682",2023,"MFN","Korea, Rep.","270900 --  Petroleum oils and oils obtained from b","Saudi Arabia",3,10,3
"410","270900","784",2023,"AHS","Korea, Rep.","270900 --  Petroleum oils and oils obtained from b","United Arab Emirates",3,10,3
"410","270900","784",2023,"BND","Korea, Rep.","270900 --  Petroleum oils and oils obtained from b","United Arab Emirates",,,
"410","270900","784",2023,"MFN","Korea, Rep.","270900 --  Petroleum oils and oils obtained from b","United Arab Emirates",3,10,3
"410","270900","826",2023,"AHS","Korea, Rep.","270900 --  Petroleum oils and oils obtained from b","United Kingdom",0,10,0
"410","270900","826",2023,"BND","Korea, Rep.","270900 --  Petroleum oils and oils obtained from b","United Kingdom",,,
"410","270900","826",2023,"MFN","Korea, Rep.","270900 --  Petroleum oils and oils obtained from b","United Kingdom",3,10,3
"410","270900","840",2023,"AHS","Korea, Rep.","270900 --  Petroleum oils and oils obtained from b","United States",0,10,0
"410","270900","840",2023,"BND","Korea, Rep.","270900 --  Petroleum oils and oils obtained from b","United States",,,
"410","270900","840",2023,"MFN","Korea, Rep.","270900 --  Petroleum oils and oils obtained from b","United States",3,10,3
"458","270900","032",2023,"AHS","Malaysia","270900 --  Petroleum oils and oils obtained from b","Argentina",3.33,3,3.33
"458","270900","032",2023,"BND","Malaysia","270900 --  Petroleum oils and oils obtained from b","Argentina",,,
"458","270900","032",2023,"MFN","Malaysia","270900 --  Petroleum oils and oils obtained from b","Argentina",3.33,3,3.33
"458","270900","036",2023,"AHS","Malaysia","270900 --  Petroleum oils and oils obtained from b","Australia",3.33,3,3.33
"458","270900","036",2023,"BND","Malaysia","270900 --  Petroleum oils and oils obtained from b","Australia",,,
"458","270900","036",2023,"MFN","Malaysia","270900 --  Petroleum oils and oils obtained from b","Australia",3.33,3,3.33
"458","270900","076",2023,"AHS","Malaysia","270900 --  Petroleum oils and oils obtained from b","Brazil",3.33,3,3.33
"458","270900","076",2023,"BND","Malaysia","270900 --  Petroleum oils and oils obtained from b","Brazil",,,
"458","270900","076",2023,"MFN","Malaysia","270900 --  Petroleum oils and oils obtained from b","Brazil",3.33,3,3.33
"458","270900","120",2023,"AHS","Malaysia","270900 --  Petroleum oils and oils obtained from b","Cameroon",3.33,3,3.33
"458","270900","120",2023,"BND","Malaysia","270900 --  Petroleum oils and oils obtained from b","Cameroon",,,
"458","270900","120",2023,"MFN","Malaysia","270900 --  Petroleum oils and oils obtained from b","Cameroon",3.33,3,3.33
"458","270900","170",2023,"AHS","Malaysia","270900 --  Petroleum oils and oils obtained from b","Colombia",3.33,3,3.33
"458","270900","170",2023,"BND","Malaysia","270900 --  Petroleum oils and oils obtained from b","Colombia",,,
"458","270900","170",2023,"MFN","Malaysia","270900 --  Petroleum oils and oils obtained from b","Colombia",3.33,3,3.33
"458","270900","178",2023,"AHS","Malaysia","270900 --  Petroleum oils and oils obtained from b","Congo, Rep.",3.33,3,3.33
"458","270900","178",2023,"BND","Malaysia","270900 --  Petroleum oils and oils obtained from b","Congo, Rep.",,,
"458","270900","178",2023,"MFN","Malaysia","270900 --  Petroleum oils and oils obtained from b","Congo, Rep.",3.33,3,3.33
"458","270900","266",2023,"AHS","Malaysia","270900 --  Petroleum oils and oils obtained from b","Gabon",3.33,3,3.33
"458","270900","266",2023,"BND","Malaysia","270900 --  Petroleum oils and oils obtained from b","Gabon",,,
"458","270900","266",2023,"MFN","Malaysia","270900 --  Petroleum oils and oils obtained from b","Gabon",3.33,3,3.33
"458","270900","360",2023,"AHS","Malaysia","270900 --  Petroleum oils and oils obtained from b","Indonesia",3.33,3,3.33
"458","270900","360",2023,"BND","Malaysia","270900 --  Petroleum oils and oils obtained from b","Indonesia",,,
"458","270900","360",2023,"MFN","Malaysia","270900 --  Petroleum oils and oils obtained from b","Indonesia",3.33,3,3.33
"458","270900","414",2023,"AHS","Malaysia","270900 --  Petroleum oils and oils obtained from b","Kuwait",3.33,3,3.33
"458","270900","414",2023,"BND","Malaysia","270900 --  Petroleum oils and oils obtained from b","Kuwait",,,
"458","270900","414",2023,"MFN","Malaysia","270900 --  Petroleum oils and oils obtained from b","Kuwait",3.33,3,3.33
"458","270900","434",2023,"AHS","Malaysia","270900 --  Petroleum oils and oils obtained from b","Libya",3.33,3,3.33
"458","270900","434",2023,"BND","Malaysia","270900 --  Petroleum oils and oils obtained from b","Libya",,,
"458","270900","434",2023,"MFN","Malaysia","270900 --  Petroleum oils and oils obtained from b","Libya",3.33,3,3.33
"458","270900","512",2023,"AHS","Malaysia","270900 --  Petroleum oils and oils obtained from b","Oman",3.33,3,3.33
"458","270900","512",2023,"BND","Malaysia","270900 --  Petroleum oils and oils obtained from b","Oman",,,
"458","270900","512",2023,"MFN","Malaysia","270900 --  Petroleum oils and oils obtained from b","Oman",3.33,3,3.33
"458","270900","566",2023,"AHS","Malaysia","270900 --  Petroleum oils and oils obtained from b","Nigeria",3.33,3,3.33
"458","270900","566",2023,"BND","Malaysia","270900 --  Petroleum oils and oils obtained from b","Nigeria",,,
"458","270900","566",2023,"MFN","Malaysia","270900 --  Petroleum oils and oils obtained from b","Nigeria",3.33,3,3.33
"458","270900","578",2023,"AHS","Malaysia","270900 --  Petroleum oils and oils obtained from b","Norway",3.33,3,3.33
"458","270900","578",2023,"BND","Malaysia","270900 --  Petroleum oils and oils obtained from b","Norway",,,
"458","270900","578",2023,"MFN","Malaysia","270900 --  Petroleum oils and oils obtained from b","Norway",3.33,3,3.33
"458","270900","634",2023,"AHS","Malaysia","270900 --  Petroleum oils and oils obtained from b","Qatar",3.33,3,3.33
"458","270900","634",2023,"BND","Malaysia","270900 --  Petroleum oils and oils obtained from b","Qatar",,,
"458","270900","634",2023,"MFN","Malaysia","270900 --  Petroleum oils and oils obtained from b","Qatar",3.33,3,3.33
"458","270900","682",2023,"AHS","Malaysia","270900 --  Petroleum oils and oils obtained from b","Saudi Arabia",3.33,3,3.33
"458","270900","682",2023,"BND","Malaysia","270900 --  Petroleum oils and oils obtained from b","Saudi Arabia",,,
"458","270900","682",2023,"MFN","Malaysia","270900 --  Petroleum oils and oils obtained from b","Saudi Arabia",3.33,3,3.33
"458","270900","729",2023,"AHS","Malaysia","270900 --  Petroleum oils and oils obtained from b","Sudan",3.33,3,3.33
"458","270900","729",2023,"BND","Malaysia","270900 --  Petroleum oils and oils obtained from b","Sudan",,,
"458","270900","729",2023,"MFN","Malaysia","270900 --  Petroleum oils and oils obtained from b","Sudan",3.33,3,3.33
"458","270900","784",2023,"AHS","Malaysia","270900 --  Petroleum oils and oils obtained from b","United Arab Emirates",3.33,3,3.33
"458","270900","784",2023,"BND","Malaysia","270900 --  Petroleum oils and oils obtained from b","United Arab Emirates",,,
"458","270900","784",2023,"MFN","Malaysia","270900 --  Petroleum oils and oils obtained from b","United Arab Emirates",3.33,3,3.33
"458","270900","840",2023,"AHS","Malaysia","270900 --  Petroleum oils and oils obtained from b","United States",3.33,3,3.33
"458","270900","840",2023,"BND","Malaysia","270900 --  Petroleum oils and oils obtained from b","United States",,,
"458","270900","840",2023,"MFN","Malaysia","270900 --  Petroleum oils and oils obtained from b","United States",3.33,3,3.33
"528","270900","012",2023,"AHS","Netherlands","270900 --  Petroleum oils and oils obtained from b","Algeria",0,2,0
"528","270900","012",2023,"BND","Netherlands","270900 --  Petroleum oils and oils obtained from b","Algeria",,,
"528","270900","012",2023,"MFN","Netherlands","270900 --  Petroleum oils and oils obtained from b","Algeria",0,2,0
"528","270900","024",2023,"AHS","Netherlands","270900 --  Petroleum oils and oils obtained from b","Angola",0,2,0
"528","270900","024",2023,"BND","Netherlands","270900 --  Petroleum oils and oils obtained from b","Angola",,,
"528","270900","024",2023,"MFN","Netherlands","270900 --  Petroleum oils and oils obtained from b","Angola",0,2,0
"528","270900","032",2023,"AHS","Netherlands","270900 --  Petroleum oils and oils obtained from b","Argentina",0,2,0
"528","270900","032",2023,"BND","Netherlands","270900 --  Petroleum oils and oils obtained from b","Argentina",,,
"528","270900","032",2023,"MFN","Netherlands","270900 --  Petroleum oils and oils obtained from b","Argentina",0,2,0
"528","270900","076",2023,"AHS","Netherlands","270900 --  Petroleum oils and oils obtained from b","Brazil",0,2,0
"528","270900","076",2023,"BND","Netherlands","270900 --  Petroleum oils and oils obtained from b","Brazil",,,
"528","270900","076",2023,"MFN","Netherlands","270900 --  Petroleum oils and oils obtained from b","Brazil",0,2,0
"528","270900","120",2023,"AHS","Netherlands","270900 --  Petroleum oils and oils obtained from b","Cameroon",0,2,0
"528","270900","120",2023,"BND","Netherlands","270900 --  Petroleum oils and oils obtained from b","Cameroon",,,
"528","270900","120",2023,"MFN","Netherlands","270900 --  Petroleum oils and oils obtained from b","Cameroon",0,2,0
"528","270900","124",2023,"AHS","Netherlands","270900 --  Petroleum oils and oils obtained from b","Canada",0,2,0
"528","270900","124",2023,"BND","Netherlands","270900 --  Petroleum oils and oils obtained from b","Canada",,,
"528","270900","124",2023,"MFN","Netherlands","270900 --  Petroleum oils and oils obtained from b","Canada",0,2,0
"528","270900","170",2023,"AHS","Netherlands","270900 --  Petroleum oils and oils obtained from b","Colombia",0,2,0
"528","270900","170",2023,"BND","Netherlands","270900 --  Petroleum oils and oils obtained from b","Colombia",,,
"528","270900","170",2023,"MFN","Netherlands","270900 --  Petroleum oils and oils obtained from b","Colombia",0,2,0
"528","270900","178",2023,"AHS","Netherlands","270900 --  Petroleum oils and oils obtained from b","Congo, Rep.",0,2,0
"528","270900","178",2023,"BND","Netherlands","270900 --  Petroleum oils and oils obtained from b","Congo, Rep.",,,
"528","270900","178",2023,"MFN","Netherlands","270900 --  Petroleum oils and oils obtained from b","Congo, Rep.",0,2,0
"528","270900","266",2023,"AHS","Netherlands","270900 --  Petroleum oils and oils obtained from b","Gabon",0,2,0
"528","270900","266",2023,"BND","Netherlands","270900 --  Petroleum oils and oils obtained from b","Gabon",,,
"528","270900","266",2023,"MFN","Netherlands","270900 --  Petroleum oils and oils obtained from b","Gabon",0,2,0
"528","270900","328",2023,"AHS","Netherlands","270900 --  Petroleum oils and oils obtained from b","Guyana",0,2,0
"528","270900","328",2023,"BND","Netherlands","270900 --  Petroleum oils and oils obtained from b","Guyana",,,
"528","270900","328",2023,"MFN","Netherlands","270900 --  Petroleum oils and oils obtained from b","Guyana",0,2,0
"528","270900","360",2023,"AHS","Netherlands","270900 --  Petroleum oils and oils obtained from b","Indonesia",0,2,0
"528","270900","360",2023,"BND","Netherlands","270900 --  Petroleum oils and oils obtained from b","Indonesia",,,
"528","270900","360",2023,"MFN","Netherlands","270900 --  Petroleum oils and oils obtained from b","Indonesia",0,2,0
"528","270900","368",2023,"AHS","Netherlands","270900 --  Petroleum oils and oils obtained from b","Iraq",0,2,0
"528","270900","368",2023,"BND","Netherlands","270900 --  Petroleum oils and oils obtained from b","Iraq",,,
"528","270900","368",2023,"MFN","Netherlands","270900 --  Petroleum oils and oils obtained from b","Iraq",0,2,0
"528","270900","414",2023,"AHS","Netherlands","270900 --  Petroleum oils and oils obtained from b","Kuwait",0,2,0
"528","270900","414",2023,"BND","Netherlands","270900 --  Petroleum oils and oils obtained from b","Kuwait",,,
"528","270900","414",2023,"MFN","Netherlands","270900 --  Petroleum oils and oils obtained from b","Kuwait",0,2,0
"528","270900","434",2023,"AHS","Netherlands","270900 --  Petroleum oils and oils obtained from b","Libya",0,2,0
"528","270900","434",2023,"BND","Netherlands","270900 --  Petroleum oils and oils obtained from b","Libya",,,
"528","270900","434",2023,"MFN","Netherlands","270900 --  Petroleum oils and oils obtained from b","Libya",0,2,0
"528","270900","484",2023,"AHS","Netherlands","270900 --  Petroleum oils and oils obtained from b","Mexico",0,2,0
"528","270900","484",2023,"BND","Netherlands","270900 --  Petroleum oils and oils obtained from b","Mexico",,,
"528","270900","484",2023,"MFN","Netherlands","270900 --  Petroleum oils and oils obtained from b","Mexico",0,2,0
"528","270900","512",2023,"AHS","Netherlands","270900 --  Petroleum oils and oils obtained from b","Oman",0,2,0
"528","270900","512",2023,"BND","Netherlands","270900 --  Petroleum oils and oils obtained from b","Oman",,,
"528","270900","512",2023,"MFN","Netherlands","270900 --  Petroleum oils and oils obtained from b","Oman",0,2,0
"528","270900","566",2023,"AHS","Netherlands","270900 --  Petroleum oils and oils obtained from b","Nigeria",0,2,0
"528","270900","566",2023,"BND","Netherlands","270900 --  Petroleum oils and oils obtained from b","Nigeria",,,
"528","270900","566",2023,"MFN","Netherlands","270900 --  Petroleum oils and oils obtained from b","Nigeria",0,2,0
"528","270900","578",2023,"AHS","Netherlands","270900 --  Petroleum oils and oils obtained from b","Norway",0,2,0
"528","270900","578",2023,"BND","Netherlands","270900 --  Petroleum oils and oils obtained from b","Norway",,,
"528","270900","578",2023,"MFN","Netherlands","270900 --  Petroleum oils and oils obtained from b","Norway",0,2,0
"528","270900","634",2023,"AHS","Netherlands","270900 --  Petroleum oils and oils obtained from b","Qatar",0,2,0
"528","270900","634",2023,"BND","Netherlands","270900 --  Petroleum oils and oils obtained from b","Qatar",,,
"528","270900","634",2023,"MFN","Netherlands","270900 --  Petroleum oils and oils obtained from b","Qatar",0,2,0
"528","270900","643",2023,"AHS","Netherlands","270900 --  Petroleum oils and oils obtained from b","Russian Federation",0,2,0
"528","270900","643",2023,"BND","Netherlands","270900 --  Petroleum oils and oils obtained from b","Russian Federation",,,
"528","270900","643",2023,"MFN","Netherlands","270900 --  Petroleum oils and oils obtained from b","Russian Federation",0,2,0
"528","270900","682",2023,"AHS","Netherlands","270900 --  Petroleum oils and oils obtained from b","Saudi Arabia",0,2,0
"528","270900","682",2023,"BND","Netherlands","270900 --  Petroleum oils and oils obtained from b","Saudi Arabia",,,
"528","270900","682",2023,"MFN","Netherlands","270900 --  Petroleum oils and oils obtained from b","Saudi Arabia",0,2,0
"528","270900","710",2023,"AHS","Netherlands","270900 --  Petroleum oils and oils obtained from b","South Africa",0,2,0
"528","270900","710",2023,"BND","Netherlands","270900 --  Petroleum oils and oils obtained from b","South Africa",,,
"528","270900","710",2023,"MFN","Netherlands","270900 --  Petroleum oils and oils obtained from b","South Africa",0,2,0
"528","270900","784",2023,"AHS","Netherlands","270900 --  Petroleum oils and oils obtained from b","United Arab Emirates",0,2,0
"528","270900","784",2023,"BND","Netherlands","270900 --  Petroleum oils and oils obtained from b","United Arab Emirates",,,
"528","270900","784",2023,"MFN","Netherlands","270900 --  Petroleum oils and oils obtained from b","United Arab Emirates",0,2,0
"528","270900","792",2023,"AHS","Netherlands","270900 --  Petroleum oils and oils obtained from b","Turkey",0,2,0
"528","270900","792",2023,"BND","Netherlands","270900 --  Petroleum oils and oils obtained from b","Turkey",,,
"528","270900","792",2023,"MFN","Netherlands","270900 --  Petroleum oils and oils obtained from b","Turkey",0,2,0
"528","270900","826",2023,"AHS","Netherlands","270900 --  Petroleum oils and oils obtained from b","United Kingdom",0,2,0
"528","270900","826",2023,"BND","Netherlands","270900 --  Petroleum oils and oils obtained from b","United Kingdom",,,
"528","270900","826",2023,"MFN","Netherlands","270900 --  Petroleum oils and oils obtained from b","United Kingdom",0,2,0
"528","270900","840",2023,"AHS","Netherlands","270900 --  Petroleum oils and oils obtained from b","United States",0,2,0
"528","270900","840",2023,"BND","Netherlands","270900 --  Petroleum oils and oils obtained from b","United States",,,
"528","270900","840",2023,"MFN","Netherlands","270900 --  Petroleum oils and oils obtained from b","United States",0,2,0
"586","270900","414",2023,"AHS","Pakistan","270900 --  Petroleum oils and oils obtained from b","Kuwait",3,1,3
"586","270900","414",2023,"BND","Pakistan","270900 --  Petroleum oils and oils obtained from b","Kuwait",,,
"586","270900","414",2023,"MFN","Pakistan","270900 --  Petroleum oils and oils obtained from b","Kuwait",3,1,3
"586","270900","634",2023,"AHS","Pakistan","270900 --  Petroleum oils and oils obtained from b","Qatar",3,1,3
"586","270900","634",2023,"BND","Pakistan","270900 --  Petroleum oils and oils obtained from b","Qatar",,,
"586","270900","634",2023,"MFN","Pakistan","270900 --  Petroleum oils and oils obtained from b","Qatar",3,1,3
"586","270900","643",2023,"AHS","Pakistan","270900 --  Petroleum oils and oils obtained from b","Russian Federation",3,1,3
"586","270900","643",2023,"BND","Pakistan","270900 --  Petroleum oils and oils obtained from b","Russian Federation",,,
"586","270900","643",2023,"MFN","Pakistan","270900 --  Petroleum oils and oils obtained from b","Russian Federation",3,1,3
"586","270900","682",2023,"AHS","Pakistan","270900 --  Petroleum oils and oils obtained from b","Saudi Arabia",3,1,3
"586","270900","682",2023,"BND","Pakistan","270900 --  Petroleum oils and oils obtained from b","Saudi Arabia",,,
"586","270900","682",2023,"MFN","Pakistan","270900 --  Petroleum oils and oils obtained from b","Saudi Arabia",3,1,3
"586","270900","784",2023,"AHS","Pakistan","270900 --  Petroleum oils and oils obtained from b","United Arab Emirates",3,1,3
"586","270900","784",2023,"BND","Pakistan","270900 --  Petroleum oils and oils obtained from b","United Arab Emirates",,,
"586","270900","784",2023,"MFN","Pakistan","270900 --  Petroleum oils and oils obtained from b","United Arab Emirates",3,1,3
"616","270900","328",2023,"AHS","Poland","270900 --  Petroleum oils and oils obtained from b","Guyana",0,2,0
"616","270900","328",2023,"BND","Poland","270900 --  Petroleum oils and oils obtained from b","Guyana",,,
"616","270900","328",2023,"MFN","Poland","270900 --  Petroleum oils and oils obtained from b","Guyana",0,2,0
"616","270900","566",2023,"AHS","Poland","270900 --  Petroleum oils and oils obtained from b","Nigeria",0,2,0
"616","270900","566",2023,"BND","Poland","270900 --  Petroleum oils and oils obtained from b","Nigeria",,,
"616","270900","566",2023,"MFN","Poland","270900 --  Petroleum oils and oils obtained from b","Nigeria",0,2,0
"616","270900","578",2023,"AHS","Poland","270900 --  Petroleum oils and oils obtained from b","Norway",0,2,0
"616","270900","578",2023,"BND","Poland","270900 --  Petroleum oils and oils obtained from b","Norway",,,
"616","270900","578",2023,"MFN","Poland","270900 --  Petroleum oils and oils obtained from b","Norway",0,2,0
"616","270900","643",2023,"AHS","Poland","270900 --  Petroleum oils and oils obtained from b","Russian Federation",0,2,0
"616","270900","643",2023,"BND","Poland","270900 --  Petroleum oils and oils obtained from b","Russian Federation",,,
"616","270900","643",2023,"MFN","Poland","270900 --  Petroleum oils and oils obtained from b","Russian Federation",0,2,0
"616","270900","682",2023,"AHS","Poland","270900 --  Petroleum oils and oils obtained from b","Saudi Arabia",0,2,0
"616","270900","682",2023,"BND","Poland","270900 --  Petroleum oils and oils obtained from b","Saudi Arabia",,,
"616","270900","682",2023,"MFN","Poland","270900 --  Petroleum oils and oils obtained from b","Saudi Arabia",0,2,0
"616","270900","826",2023,"AHS","Poland","270900 --  Petroleum oils and oils obtained from b","United Kingdom",0,2,0
"616","270900","826",2023,"BND","Poland","270900 --  Petroleum oils and oils obtained from b","United Kingdom",,,
"616","270900","826",2023,"MFN","Poland","270900 --  Petroleum oils and oils obtained from b","United Kingdom",0,2,0
"616","270900","840",2023,"AHS","Poland","270900 --  Petroleum oils and oils obtained from b","United States",0,2,0
"616","270900","840",2023,"BND","Poland","270900 --  Petroleum oils and oils obtained from b","United States",,,
"616","270900","840",2023,"MFN","Poland","270900 --  Petroleum oils and oils obtained from b","United States",0,2,0
"620","270900","012",2023,"AHS","Portugal","270900 --  Petroleum oils and oils obtained from b","Algeria",0,2,0
"620","270900","012",2023,"BND","Portugal","270900 --  Petroleum oils and oils obtained from b","Algeria",,,
"620","270900","012",2023,"MFN","Portugal","270900 --  Petroleum oils and oils obtained from b","Algeria",0,2,0
"620","270900","024",2023,"AHS","Portugal","270900 --  Petroleum oils and oils obtained from b","Angola",0,2,0
"620","270900","024",2023,"BND","Portugal","270900 --  Petroleum oils and oils obtained from b","Angola",,,
"620","270900","024",2023,"MFN","Portugal","270900 --  Petroleum oils and oils obtained from b","Angola",0,2,0
"620","270900","076",2023,"AHS","Portugal","270900 --  Petroleum oils and oils obtained from b","Brazil",0,2,0
"620","270900","076",2023,"BND","Portugal","270900 --  Petroleum oils and oils obtained from b","Brazil",,,
"620","270900","076",2023,"MFN","Portugal","270900 --  Petroleum oils and oils obtained from b","Brazil",0,2,0
"620","270900","178",2023,"AHS","Portugal","270900 --  Petroleum oils and oils obtained from b","Congo, Rep.",0,2,0
"620","270900","178",2023,"BND","Portugal","270900 --  Petroleum oils and oils obtained from b","Congo, Rep.",,,
"620","270900","178",2023,"MFN","Portugal","270900 --  Petroleum oils and oils obtained from b","Congo, Rep.",0,2,0
"620","270900","288",2023,"AHS","Portugal","270900 --  Petroleum oils and oils obtained from b","Ghana",0,2,0
"620","270900","288",2023,"BND","Portugal","270900 --  Petroleum oils and oils obtained from b","Ghana",,,
"620","270900","288",2023,"MFN","Portugal","270900 --  Petroleum oils and oils obtained from b","Ghana",0,2,0
"620","270900","566",2023,"AHS","Portugal","270900 --  Petroleum oils and oils obtained from b","Nigeria",0,2,0
"620","270900","566",2023,"BND","Portugal","270900 --  Petroleum oils and oils obtained from b","Nigeria",,,
"620","270900","566",2023,"MFN","Portugal","270900 --  Petroleum oils and oils obtained from b","Nigeria",0,2,0
"620","270900","578",2023,"AHS","Portugal","270900 --  Petroleum oils and oils obtained from b","Norway",0,2,0
"620","270900","578",2023,"BND","Portugal","270900 --  Petroleum oils and oils obtained from b","Norway",,,
"620","270900","578",2023,"MFN","Portugal","270900 --  Petroleum oils and oils obtained from b","Norway",0,2,0
"620","270900","826",2023,"AHS","Portugal","270900 --  Petroleum oils and oils obtained from b","United Kingdom",0,2,0
"620","270900","826",2023,"BND","Portugal","270900 --  Petroleum oils and oils obtained from b","United Kingdom",,,
"620","270900","826",2023,"MFN","Portugal","270900 --  Petroleum oils and oils obtained from b","United Kingdom",0,2,0
"620","270900","840",2023,"AHS","Portugal","270900 --  Petroleum oils and oils obtained from b","United States",0,2,0
"620","270900","840",2023,"BND","Portugal","270900 --  Petroleum oils and oils obtained from b","United States",,,
"620","270900","840",2023,"MFN","Portugal","270900 --  Petroleum oils and oils obtained from b","United States",0,2,0
"702","270900","012",2023,"AHS","Singapore","270900 --  Petroleum oils and oils obtained from b","Algeria",0,3,0
"702","270900","012",2023,"BND","Singapore","270900 --  Petroleum oils and oils obtained from b","Algeria",,2,
"702","270900","012",2023,"MFN","Singapore","270900 --  Petroleum oils and oils obtained from b","Algeria",0,3,0
"702","270900","024",2023,"AHS","Singapore","270900 --  Petroleum oils and oils obtained from b","Angola",0,3,0
"702","270900","024",2023,"BND","Singapore","270900 --  Petroleum oils and oils obtained from b","Angola",,2,
"702","270900","024",2023,"MFN","Singapore","270900 --  Petroleum oils and oils obtained from b","Angola",0,3,0
"702","270900","036",2023,"AHS","Singapore","270900 --  Petroleum oils and oils obtained from b","Australia",0,3,0
"702","270900","036",2023,"BND","Singapore","270900 --  Petroleum oils and oils obtained from b","Australia",,2,
"702","270900","036",2023,"MFN","Singapore","270900 --  Petroleum oils and oils obtained from b","Australia",0,3,0
"702","270900","076",2023,"AHS","Singapore","270900 --  Petroleum oils and oils obtained from b","Brazil",0,3,0
"702","270900","076",2023,"BND","Singapore","270900 --  Petroleum oils and oils obtained from b","Brazil",,2,
"702","270900","076",2023,"MFN","Singapore","270900 --  Petroleum oils and oils obtained from b","Brazil",0,3,0
"702","270900","120",2023,"AHS","Singapore","270900 --  Petroleum oils and oils obtained from b","Cameroon",0,3,0
"702","270900","120",2023,"BND","Singapore","270900 --  Petroleum oils and oils obtained from b","Cameroon",,2,
"702","270900","120",2023,"MFN","Singapore","270900 --  Petroleum oils and oils obtained from b","Cameroon",0,3,0
"702","270900","178",2023,"AHS","Singapore","270900 --  Petroleum oils and oils obtained from b","Congo, Rep.",0,3,0
"702","270900","178",2023,"BND","Singapore","270900 --  Petroleum oils and oils obtained from b","Congo, Rep.",,2,
"702","270900","178",2023,"MFN","Singapore","270900 --  Petroleum oils and oils obtained from b","Congo, Rep.",0,3,0
"702","270900","360",2023,"AHS","Singapore","270900 --  Petroleum oils and oils obtained from b","Indonesia",0,3,0
"702","270900","360",2023,"BND","Singapore","270900 --  Petroleum oils and oils obtained from b","Indonesia",,2,
"702","270900","360",2023,"MFN","Singapore","270900 --  Petroleum oils and oils obtained from b","Indonesia",0,3,0
"702","270900","368",2023,"AHS","Singapore","270900 --  Petroleum oils and oils obtained from b","Iraq",0,3,0
"702","270900","368",2023,"BND","Singapore","270900 --  Petroleum oils and oils obtained from b","Iraq",,2,
"702","270900","368",2023,"MFN","Singapore","270900 --  Petroleum oils and oils obtained from b","Iraq",0,3,0
"702","270900","414",2023,"AHS","Singapore","270900 --  Petroleum oils and oils obtained from b","Kuwait",0,3,0
"702","270900","414",2023,"BND","Singapore","270900 --  Petroleum oils and oils obtained from b","Kuwait",,2,
"702","270900","414",2023,"MFN","Singapore","270900 --  Petroleum oils and oils obtained from b","Kuwait",0,3,0
"702","270900","434",2023,"AHS","Singapore","270900 --  Petroleum oils and oils obtained from b","Libya",0,3,0
"702","270900","434",2023,"BND","Singapore","270900 --  Petroleum oils and oils obtained from b","Libya",,2,
"702","270900","434",2023,"MFN","Singapore","270900 --  Petroleum oils and oils obtained from b","Libya",0,3,0
"702","270900","566",2023,"AHS","Singapore","270900 --  Petroleum oils and oils obtained from b","Nigeria",0,3,0
"702","270900","566",2023,"BND","Singapore","270900 --  Petroleum oils and oils obtained from b","Nigeria",,2,
"702","270900","566",2023,"MFN","Singapore","270900 --  Petroleum oils and oils obtained from b","Nigeria",0,3,0
"702","270900","634",2023,"AHS","Singapore","270900 --  Petroleum oils and oils obtained from b","Qatar",0,3,0
"702","270900","634",2023,"BND","Singapore","270900 --  Petroleum oils and oils obtained from b","Qatar",,2,
"702","270900","634",2023,"MFN","Singapore","270900 --  Petroleum oils and oils obtained from b","Qatar",0,3,0
"702","270900","643",2023,"AHS","Singapore","270900 --  Petroleum oils and oils obtained from b","Russian Federation",0,3,0
"702","270900","643",2023,"BND","Singapore","270900 --  Petroleum oils and oils obtained from b","Russian Federation",,2,
"702","270900","643",2023,"MFN","Singapore","270900 --  Petroleum oils and oils obtained from b","Russian Federation",0,3,0
"702","270900","682",2023,"AHS","Singapore","270900 --  Petroleum oils and oils obtained from b","Saudi Arabia",0,3,0
"702","270900","682",2023,"BND","Singapore","270900 --  Petroleum oils and oils obtained from b","Saudi Arabia",,2,
"702","270900","682",2023,"MFN","Singapore","270900 --  Petroleum oils and oils obtained from b","Saudi Arabia",0,3,0
"702","270900","710",2023,"AHS","Singapore","270900 --  Petroleum oils and oils obtained from b","South Africa",0,3,0
"702","270900","710",2023,"BND","Singapore","270900 --  Petroleum oils and oils obtained from b","South Africa",,2,
"702","270900","710",2023,"MFN","Singapore","270900 --  Petroleum oils and oils obtained from b","South Africa",0,3,0
"702","270900","729",2023,"AHS","Singapore","270900 --  Petroleum oils and oils obtained from b","Sudan",0,3,0
"702","270900","729",2023,"BND","Singapore","270900 --  Petroleum oils and oils obtained from b","Sudan",,2,
"702","270900","729",2023,"MFN","Singapore","270900 --  Petroleum oils and oils obtained from b","Sudan",0,3,0
"702","270900","784",2023,"AHS","Singapore","270900 --  Petroleum oils and oils obtained from b","United Arab Emirates",0,3,0
"702","270900","784",2023,"BND","Singapore","270900 --  Petroleum oils and oils obtained from b","United Arab Emirates",,2,
"702","270900","784",2023,"MFN","Singapore","270900 --  Petroleum oils and oils obtained from b","United Arab Emirates",0,3,0
"702","270900","826",2023,"AHS","Singapore","270900 --  Petroleum oils and oils obtained from b","United Kingdom",0,3,0
"702","270900","826",2023,"BND","Singapore","270900 --  Petroleum oils and oils obtained from b","United Kingdom",,2,
"702","270900","826",2023,"MFN","Singapore","270900 --  Petroleum oils and oils obtained from b","United Kingdom",0,3,0
"702","270900","840",2023,"AHS","Singapore","270900 --  Petroleum oils and oils obtained from b","United States",0,3,0
"702","270900","840",2023,"BND","Singapore","270900 --  Petroleum oils and oils obtained from b","United States",,2,
"702","270900","840",2023,"MFN","Singapore","270900 --  Petroleum oils and oils obtained from b","United States",0,3,0
"710","270900","012",2023,"AHS","South Africa","270900 --  Petroleum oils and oils obtained from b","Algeria",0,1,0
"710","270900","012",2023,"BND","South Africa","270900 --  Petroleum oils and oils obtained from b","Algeria",,,
"710","270900","012",2023,"MFN","South Africa","270900 --  Petroleum oils and oils obtained from b","Algeria",0,1,0
"710","270900","024",2023,"AHS","South Africa","270900 --  Petroleum oils and oils obtained from b","Angola",0,1,0
"710","270900","024",2023,"BND","South Africa","270900 --  Petroleum oils and oils obtained from b","Angola",,,
"710","270900","024",2023,"MFN","South Africa","270900 --  Petroleum oils and oils obtained from b","Angola",0,1,0
"710","270900","120",2023,"AHS","South Africa","270900 --  Petroleum oils and oils obtained from b","Cameroon",0,1,0
"710","270900","120",2023,"BND","South Africa","270900 --  Petroleum oils and oils obtained from b","Cameroon",,,
"710","270900","120",2023,"MFN","South Africa","270900 --  Petroleum oils and oils obtained from b","Cameroon",0,1,0
"710","270900","288",2023,"AHS","South Africa","270900 --  Petroleum oils and oils obtained from b","Ghana",0,1,0
"710","270900","288",2023,"BND","South Africa","270900 --  Petroleum oils and oils obtained from b","Ghana",,,
"710","270900","288",2023,"MFN","South Africa","270900 --  Petroleum oils and oils obtained from b","Ghana",0,1,0
"710","270900","566",2023,"AHS","South Africa","270900 --  Petroleum oils and oils obtained from b","Nigeria",0,1,0
"710","270900","566",2023,"BND","South Africa","270900 --  Petroleum oils and oils obtained from b","Nigeria",,,
"710","270900","566",2023,"MFN","South Africa","270900 --  Petroleum oils and oils obtained from b","Nigeria",0,1,0
"710","270900","682",2023,"AHS","South Africa","270900 --  Petroleum oils and oils obtained from b","Saudi Arabia",0,1,0
"710","270900","682",2023,"BND","South Africa","270900 --  Petroleum oils and oils obtained from b","Saudi Arabia",,,
"710","270900","682",2023,"MFN","South Africa","270900 --  Petroleum oils and oils obtained from b","Saudi Arabia",0,1,0
"710","270900","840",2023,"AHS","South Africa","270900 --  Petroleum oils and oils obtained from b","United States",0,1,0
"710","270900","840",2023,"BND","South Africa","270900 --  Petroleum oils and oils obtained from b","United States",,,
"710","270900","840",2023,"MFN","South Africa","270900 --  Petroleum oils and oils obtained from b","United States",0,1,0
"724","270900","012",2023,"AHS","Spain","270900 --  Petroleum oils and oils obtained from b","Algeria",0,2,0
"724","270900","012",2023,"BND","Spain","270900 --  Petroleum oils and oils obtained from b","Algeria",,,
"724","270900","012",2023,"MFN","Spain","270900 --  Petroleum oils and oils obtained from b","Algeria",0,2,0
"724","270900","024",2023,"AHS","Spain","270900 --  Petroleum oils and oils obtained from b","Angola",0,2,0
"724","270900","024",2023,"BND","Spain","270900 --  Petroleum oils and oils obtained from b","Angola",,,
"724","270900","024",2023,"MFN","Spain","270900 --  Petroleum oils and oils obtained from b","Angola",0,2,0
"724","270900","076",2023,"AHS","Spain","270900 --  Petroleum oils and oils obtained from b","Brazil",0,2,0
"724","270900","076",2023,"BND","Spain","270900 --  Petroleum oils and oils obtained from b","Brazil",,,
"724","270900","076",2023,"MFN","Spain","270900 --  Petroleum oils and oils obtained from b","Brazil",0,2,0
"724","270900","124",2023,"AHS","Spain","270900 --  Petroleum oils and oils obtained from b","Canada",0,2,0
"724","270900","124",2023,"BND","Spain","270900 --  Petroleum oils and oils obtained from b","Canada",,,
"724","270900","124",2023,"MFN","Spain","270900 --  Petroleum oils and oils obtained from b","Canada",0,2,0
"724","270900","170",2023,"AHS","Spain","270900 --  Petroleum oils and oils obtained from b","Colombia",0,2,0
"724","270900","170",2023,"BND","Spain","270900 --  Petroleum oils and oils obtained from b","Colombia",,,
"724","270900","170",2023,"MFN","Spain","270900 --  Petroleum oils and oils obtained from b","Colombia",0,2,0
"724","270900","218",2023,"AHS","Spain","270900 --  Petroleum oils and oils obtained from b","Ecuador",0,2,0
"724","270900","218",2023,"BND","Spain","270900 --  Petroleum oils and oils obtained from b","Ecuador",,,
"724","270900","218",2023,"MFN","Spain","270900 --  Petroleum oils and oils obtained from b","Ecuador",0,2,0
"724","270900","266",2023,"AHS","Spain","270900 --  Petroleum oils and oils obtained from b","Gabon",0,2,0
"724","270900","266",2023,"BND","Spain","270900 --  Petroleum oils and oils obtained from b","Gabon",,,
"724","270900","266",2023,"MFN","Spain","270900 --  Petroleum oils and oils obtained from b","Gabon",0,2,0
"724","270900","288",2023,"AHS","Spain","270900 --  Petroleum oils and oils obtained from b","Ghana",0,2,0
"724","270900","288",2023,"BND","Spain","270900 --  Petroleum oils and oils obtained from b","Ghana",,,
"724","270900","288",2023,"MFN","Spain","270900 --  Petroleum oils and oils obtained from b","Ghana",0,2,0
"724","270900","328",2023,"AHS","Spain","270900 --  Petroleum oils and oils obtained from b","Guyana",0,2,0
"724","270900","328",2023,"BND","Spain","270900 --  Petroleum oils and oils obtained from b","Guyana",,,
"724","270900","328",2023,"MFN","Spain","270900 --  Petroleum oils and oils obtained from b","Guyana",0,2,0
"724","270900","368",2023,"AHS","Spain","270900 --  Petroleum oils and oils obtained from b","Iraq",0,2,0
"724","270900","368",2023,"BND","Spain","270900 --  Petroleum oils and oils obtained from b","Iraq",,,
"724","270900","368",2023,"MFN","Spain","270900 --  Petroleum oils and oils obtained from b","Iraq",0,2,0
"724","270900","414",2023,"AHS","Spain","270900 --  Petroleum oils and oils obtained from b","Kuwait",0,2,0
"724","270900","414",2023,"BND","Spain","270900 --  Petroleum oils and oils obtained from b","Kuwait",,,
"724","270900","414",2023,"MFN","Spain","270900 --  Petroleum oils and oils obtained from b","Kuwait",0,2,0
"724","270900","434",2023,"AHS","Spain","270900 --  Petroleum oils and oils obtained from b","Libya",0,2,0
"724","270900","434",2023,"BND","Spain","270900 --  Petroleum oils and oils obtained from b","Libya",,,
"724","270900","434",2023,"MFN","Spain","270900 --  Petroleum oils and oils obtained from b","Libya",0,2,0
"724","270900","484",2023,"AHS","Spain","270900 --  Petroleum oils and oils obtained from b","Mexico",0,2,0
"724","270900","484",2023,"BND","Spain","270900 --  Petroleum oils and oils obtained from b","Mexico",,,
"724","270900","484",2023,"MFN","Spain","270900 --  Petroleum oils and oils obtained from b","Mexico",0,2,0
"724","270900","566",2023,"AHS","Spain","270900 --  Petroleum oils and oils obtained from b","Nigeria",0,2,0
"724","270900","566",2023,"BND","Spain","270900 --  Petroleum oils and oils obtained from b","Nigeria",,,
"724","270900","566",2023,"MFN","Spain","270900 --  Petroleum oils and oils obtained from b","Nigeria",0,2,0
"724","270900","578",2023,"AHS","Spain","270900 --  Petroleum oils and oils obtained from b","Norway",0,2,0
"724","270900","578",2023,"BND","Spain","270900 --  Petroleum oils and oils obtained from b","Norway",,,
"724","270900","578",2023,"MFN","Spain","270900 --  Petroleum oils and oils obtained from b","Norway",0,2,0
"724","270900","682",2023,"AHS","Spain","270900 --  Petroleum oils and oils obtained from b","Saudi Arabia",0,2,0
"724","270900","682",2023,"BND","Spain","270900 --  Petroleum oils and oils obtained from b","Saudi Arabia",,,
"724","270900","682",2023,"MFN","Spain","270900 --  Petroleum oils and oils obtained from b","Saudi Arabia",0,2,0
"724","270900","792",2023,"AHS","Spain","270900 --  Petroleum oils and oils obtained from b","Turkey",0,2,0
"724","270900","792",2023,"BND","Spain","270900 --  Petroleum oils and oils obtained from b","Turkey",,,
"724","270900","792",2023,"MFN","Spain","270900 --  Petroleum oils and oils obtained from b","Turkey",0,2,0
"724","270900","826",2023,"AHS","Spain","270900 --  Petroleum oils and oils obtained from b","United Kingdom",0,2,0
"724","270900","826",2023,"BND","Spain","270900 --  Petroleum oils and oils obtained from b","United Kingdom",,,
"724","270900","826",2023,"MFN","Spain","270900 --  Petroleum oils and oils obtained from b","United Kingdom",0,2,0
"724","270900","840",2023,"AHS","Spain","270900 --  Petroleum oils and oils obtained from b","United States",0,2,0
"724","270900","840",2023,"BND","Spain","270900 --  Petroleum oils and oils obtained from b","United States",,,
"724","270900","840",2023,"MFN","Spain","270900 --  Petroleum oils and oils obtained from b","United States",0,2,0
"724","270900","862",2023,"AHS","Spain","270900 --  Petroleum oils and oils obtained from b","Venezuela",0,2,0
"724","270900","862",2023,"BND","Spain","270900 --  Petroleum oils and oils obtained from b","Venezuela",,,
"724","270900","862",2023,"MFN","Spain","270900 --  Petroleum oils and oils obtained from b","Venezuela",0,2,0
"752","270900","024",2023,"AHS","Sweden","270900 --  Petroleum oils and oils obtained from b","Angola",0,2,0
"752","270900","024",2023,"BND","Sweden","270900 --  Petroleum oils and oils obtained from b","Angola",,,
"752","270900","024",2023,"MFN","Sweden","270900 --  Petroleum oils and oils obtained from b","Angola",0,2,0
"752","270900","076",2023,"AHS","Sweden","270900 --  Petroleum oils and oils obtained from b","Brazil",0,2,0
"752","270900","076",2023,"BND","Sweden","270900 --  Petroleum oils and oils obtained from b","Brazil",,,
"752","270900","076",2023,"MFN","Sweden","270900 --  Petroleum oils and oils obtained from b","Brazil",0,2,0
"752","270900","288",2023,"AHS","Sweden","270900 --  Petroleum oils and oils obtained from b","Ghana",0,2,0
"752","270900","288",2023,"BND","Sweden","270900 --  Petroleum oils and oils obtained from b","Ghana",,,
"752","270900","288",2023,"MFN","Sweden","270900 --  Petroleum oils and oils obtained from b","Ghana",0,2,0
"752","270900","328",2023,"AHS","Sweden","270900 --  Petroleum oils and oils obtained from b","Guyana",0,2,0
"752","270900","328",2023,"BND","Sweden","270900 --  Petroleum oils and oils obtained from b","Guyana",,,
"752","270900","328",2023,"MFN","Sweden","270900 --  Petroleum oils and oils obtained from b","Guyana",0,2,0
"752","270900","434",2023,"AHS","Sweden","270900 --  Petroleum oils and oils obtained from b","Libya",0,2,0
"752","270900","434",2023,"BND","Sweden","270900 --  Petroleum oils and oils obtained from b","Libya",,,
"752","270900","434",2023,"MFN","Sweden","270900 --  Petroleum oils and oils obtained from b","Libya",0,2,0
"752","270900","566",2023,"AHS","Sweden","270900 --  Petroleum oils and oils obtained from b","Nigeria",0,2,0
"752","270900","566",2023,"BND","Sweden","270900 --  Petroleum oils and oils obtained from b","Nigeria",,,
"752","270900","566",2023,"MFN","Sweden","270900 --  Petroleum oils and oils obtained from b","Nigeria",0,2,0
"752","270900","578",2023,"AHS","Sweden","270900 --  Petroleum oils and oils obtained from b","Norway",0,2,0
"752","270900","578",2023,"BND","Sweden","270900 --  Petroleum oils and oils obtained from b","Norway",,,
"752","270900","578",2023,"MFN","Sweden","270900 --  Petroleum oils and oils obtained from b","Norway",0,2,0
"752","270900","826",2023,"AHS","Sweden","270900 --  Petroleum oils and oils obtained from b","United Kingdom",0,2,0
"752","270900","826",2023,"BND","Sweden","270900 --  Petroleum oils and oils obtained from b","United Kingdom",,,
"752","270900","826",2023,"MFN","Sweden","270900 --  Petroleum oils and oils obtained from b","United Kingdom",0,2,0
"752","270900","840",2023,"AHS","Sweden","270900 --  Petroleum oils and oils obtained from b","United States",0,2,0
"752","270900","840",2023,"BND","Sweden","270900 --  Petroleum oils and oils obtained from b","United States",,,
"752","270900","840",2023,"MFN","Sweden","270900 --  Petroleum oils and oils obtained from b","United States",0,2,0
"764","270900","012",2023,"AHS","Thailand","270900 --  Petroleum oils and oils obtained from b","Algeria",0,3,0
"764","270900","012",2023,"BND","Thailand","270900 --  Petroleum oils and oils obtained from b","Algeria",,,
"764","270900","012",2023,"MFN","Thailand","270900 --  Petroleum oils and oils obtained from b","Algeria",0,3,0
"764","270900","024",2023,"AHS","Thailand","270900 --  Petroleum oils and oils obtained from b","Angola",0,3,0
"764","270900","024",2023,"BND","Thailand","270900 --  Petroleum oils and oils obtained from b","Angola",,,
"764","270900","024",2023,"MFN","Thailand","270900 --  Petroleum oils and oils obtained from b","Angola",0,3,0
"764","270900","036",2023,"AHS","Thailand","270900 --  Petroleum oils and oils obtained from b","Australia",0,3,0
"764","270900","036",2023,"BND","Thailand","270900 --  Petroleum oils and oils obtained from b","Australia",,,
"764","270900","036",2023,"MFN","Thailand","270900 --  Petroleum oils and oils obtained from b","Australia",0,3,0
"764","270900","076",2023,"AHS","Thailand","270900 --  Petroleum oils and oils obtained from b","Brazil",0,3,0
"764","270900","076",2023,"BND","Thailand","270900 --  Petroleum oils and oils obtained from b","Brazil",,,
"764","270900","076",2023,"MFN","Thailand","270900 --  Petroleum oils and oils obtained from b","Brazil",0,3,0
"764","270900","124",2023,"AHS","Thailand","270900 --  Petroleum oils and oils obtained from b","Canada",0,3,0
"764","270900","124",2023,"BND","Thailand","270900 --  Petroleum oils and oils obtained from b","Canada",,,
"764","270900","124",2023,"MFN","Thailand","270900 --  Petroleum oils and oils obtained from b","Canada",0,3,0
"764","270900","178",2023,"AHS","Thailand","270900 --  Petroleum oils and oils obtained from b","Congo, Rep.",0,3,0
"764","270900","178",2023,"BND","Thailand","270900 --  Petroleum oils and oils obtained from b","Congo, Rep.",,,
"764","270900","178",2023,"MFN","Thailand","270900 --  Petroleum oils and oils obtained from b","Congo, Rep.",0,3,0
"764","270900","266",2023,"AHS","Thailand","270900 --  Petroleum oils and oils obtained from b","Gabon",0,3,0
"764","270900","266",2023,"BND","Thailand","270900 --  Petroleum oils and oils obtained from b","Gabon",,,
"764","270900","266",2023,"MFN","Thailand","270900 --  Petroleum oils and oils obtained from b","Gabon",0,3,0
"764","270900","288",2023,"AHS","Thailand","270900 --  Petroleum oils and oils obtained from b","Ghana",0,3,0
"764","270900","288",2023,"BND","Thailand","270900 --  Petroleum oils and oils obtained from b","Ghana",,,
"764","270900","288",2023,"MFN","Thailand","270900 --  Petroleum oils and oils obtained from b","Ghana",0,3,0
"764","270900","360",2023,"AHS","Thailand","270900 --  Petroleum oils and oils obtained from b","Indonesia",0,3,0
"764","270900","360",2023,"BND","Thailand","270900 --  Petroleum oils and oils obtained from b","Indonesia",,,
"764","270900","360",2023,"MFN","Thailand","270900 --  Petroleum oils and oils obtained from b","Indonesia",0,3,0
"764","270900","434",2023,"AHS","Thailand","270900 --  Petroleum oils and oils obtained from b","Libya",0,3,0
"764","270900","434",2023,"BND","Thailand","270900 --  Petroleum oils and oils obtained from b","Libya",,,
"764","270900","434",2023,"MFN","Thailand","270900 --  Petroleum oils and oils obtained from b","Libya",0,3,0
"764","270900","512",2023,"AHS","Thailand","270900 --  Petroleum oils and oils obtained from b","Oman",0,3,0
"764","270900","512",2023,"BND","Thailand","270900 --  Petroleum oils and oils obtained from b","Oman",,,
"764","270900","512",2023,"MFN","Thailand","270900 --  Petroleum oils and oils obtained from b","Oman",0,3,0
"764","270900","566",2023,"AHS","Thailand","270900 --  Petroleum oils and oils obtained from b","Nigeria",0,3,0
"764","270900","566",2023,"BND","Thailand","270900 --  Petroleum oils and oils obtained from b","Nigeria",,,
"764","270900","566",2023,"MFN","Thailand","270900 --  Petroleum oils and oils obtained from b","Nigeria",0,3,0
"764","270900","634",2023,"AHS","Thailand","270900 --  Petroleum oils and oils obtained from b","Qatar",0,3,0
"764","270900","634",2023,"BND","Thailand","270900 --  Petroleum oils and oils obtained from b","Qatar",,,
"764","270900","634",2023,"MFN","Thailand","270900 --  Petroleum oils and oils obtained from b","Qatar",0,3,0
"764","270900","682",2023,"AHS","Thailand","270900 --  Petroleum oils and oils obtained from b","Saudi Arabia",0,3,0
"764","270900","682",2023,"BND","Thailand","270900 --  Petroleum oils and oils obtained from b","Saudi Arabia",,,
"764","270900","682",2023,"MFN","Thailand","270900 --  Petroleum oils and oils obtained from b","Saudi Arabia",0,3,0
"764","270900","784",2023,"AHS","Thailand","270900 --  Petroleum oils and oils obtained from b","United Arab Emirates",0,3,0
"764","270900","784",2023,"BND","Thailand","270900 --  Petroleum oils and oils obtained from b","United Arab Emirates",,,
"764","270900","784",2023,"MFN","Thailand","270900 --  Petroleum oils and oils obtained from b","United Arab Emirates",0,3,0
"764","270900","792",2023,"AHS","Thailand","270900 --  Petroleum oils and oils obtained from b","Turkey",0,3,0
"764","270900","792",2023,"BND","Thailand","270900 --  Petroleum oils and oils obtained from b","Turkey",,,
"764","270900","792",2023,"MFN","Thailand","270900 --  Petroleum oils and oils obtained from b","Turkey",0,3,0
"764","270900","840",2023,"AHS","Thailand","270900 --  Petroleum oils and oils obtained from b","United States",0,3,0
"764","270900","840",2023,"BND","Thailand","270900 --  Petroleum oils and oils obtained from b","United States",,,
"764","270900","840",2023,"MFN","Thailand","270900 --  Petroleum oils and oils obtained from b","United States",0,3,0
"826","270900","012",2023,"AHS","United Kingdom","270900 --  Petroleum oils and oils obtained from b","Algeria",0,2,0
"826","270900","012",2023,"BND","United Kingdom","270900 --  Petroleum oils and oils obtained from b","Algeria",,,
"826","270900","012",2023,"MFN","United Kingdom","270900 --  Petroleum oils and oils obtained from b","Algeria",0,2,0
"826","270900","024",2023,"AHS","United Kingdom","270900 --  Petroleum oils and oils obtained from b","Angola",0,2,0
"826","270900","024",2023,"BND","United Kingdom","270900 --  Petroleum oils and oils obtained from b","Angola",,,
"826","270900","024",2023,"MFN","United Kingdom","270900 --  Petroleum oils and oils obtained from b","Angola",0,2,0
"826","270900","076",2023,"AHS","United Kingdom","270900 --  Petroleum oils and oils obtained from b","Brazil",0,2,0
"826","270900","076",2023,"BND","United Kingdom","270900 --  Petroleum oils and oils obtained from b","Brazil",,,
"826","270900","076",2023,"MFN","United Kingdom","270900 --  Petroleum oils and oils obtained from b","Brazil",0,2,0
"826","270900","120",2023,"AHS","United Kingdom","270900 --  Petroleum oils and oils obtained from b","Cameroon",0,2,0
"826","270900","120",2023,"BND","United Kingdom","270900 --  Petroleum oils and oils obtained from b","Cameroon",,,
"826","270900","120",2023,"MFN","United Kingdom","270900 --  Petroleum oils and oils obtained from b","Cameroon",0,2,0
"826","270900","124",2023,"AHS","United Kingdom","270900 --  Petroleum oils and oils obtained from b","Canada",0,2,0
"826","270900","124",2023,"BND","United Kingdom","270900 --  Petroleum oils and oils obtained from b","Canada",,,
"826","270900","124",2023,"MFN","United Kingdom","270900 --  Petroleum oils and oils obtained from b","Canada",0,2,0
"826","270900","178",2023,"AHS","United Kingdom","270900 --  Petroleum oils and oils obtained from b","Congo, Rep.",0,2,0
"826","270900","178",2023,"BND","United Kingdom","270900 --  Petroleum oils and oils obtained from b","Congo, Rep.",,,
"826","270900","178",2023,"MFN","United Kingdom","270900 --  Petroleum oils and oils obtained from b","Congo, Rep.",0,2,0
"826","270900","208",2023,"AHS","United Kingdom","270900 --  Petroleum oils and oils obtained from b","Denmark",0,2,0
"826","270900","208",2023,"BND","United Kingdom","270900 --  Petroleum oils and oils obtained from b","Denmark",,,
"826","270900","208",2023,"MFN","United Kingdom","270900 --  Petroleum oils and oils obtained from b","Denmark",0,2,0
"826","270900","288",2023,"AHS","United Kingdom","270900 --  Petroleum oils and oils obtained from b","Ghana",0,2,0
"826","270900","288",2023,"BND","United Kingdom","270900 --  Petroleum oils and oils obtained from b","Ghana",,,
"826","270900","288",2023,"MFN","United Kingdom","270900 --  Petroleum oils and oils obtained from b","Ghana",0,2,0
"826","270900","328",2023,"AHS","United Kingdom","270900 --  Petroleum oils and oils obtained from b","Guyana",0,2,0
"826","270900","328",2023,"BND","United Kingdom","270900 --  Petroleum oils and oils obtained from b","Guyana",,,
"826","270900","328",2023,"MFN","United Kingdom","270900 --  Petroleum oils and oils obtained from b","Guyana",0,2,0
"826","270900","434",2023,"AHS","United Kingdom","270900 --  Petroleum oils and oils obtained from b","Libya",0,2,0
"826","270900","434",2023,"BND","United Kingdom","270900 --  Petroleum oils and oils obtained from b","Libya",,,
"826","270900","434",2023,"MFN","United Kingdom","270900 --  Petroleum oils and oils obtained from b","Libya",0,2,0
"826","270900","566",2023,"AHS","United Kingdom","270900 --  Petroleum oils and oils obtained from b","Nigeria",0,2,0
"826","270900","566",2023,"BND","United Kingdom","270900 --  Petroleum oils and oils obtained from b","Nigeria",,,
"826","270900","566",2023,"MFN","United Kingdom","270900 --  Petroleum oils and oils obtained from b","Nigeria",0,2,0
"826","270900","578",2023,"AHS","United Kingdom","270900 --  Petroleum oils and oils obtained from b","Norway",0,2,0
"826","270900","578",2023,"BND","United Kingdom","270900 --  Petroleum oils and oils obtained from b","Norway",,,
"826","270900","578",2023,"MFN","United Kingdom","270900 --  Petroleum oils and oils obtained from b","Norway",0,2,0
"826","270900","682",2023,"AHS","United Kingdom","270900 --  Petroleum oils and oils obtained from b","Saudi Arabia",0,2,0
"826","270900","682",2023,"BND","United Kingdom","270900 --  Petroleum oils and oils obtained from b","Saudi Arabia",,,
"826","270900","682",2023,"MFN","United Kingdom","270900 --  Petroleum oils and oils obtained from b","Saudi Arabia",0,2,0
"826","270900","784",2023,"AHS","United Kingdom","270900 --  Petroleum oils and oils obtained from b","United Arab Emirates",0,2,0
"826","270900","784",2023,"BND","United Kingdom","270900 --  Petroleum oils and oils obtained from b","United Arab Emirates",,,
"826","270900","784",2023,"MFN","United Kingdom","270900 --  Petroleum oils and oils obtained from b","United Arab Emirates",0,2,0
"826","270900","792",2023,"AHS","United Kingdom","270900 --  Petroleum oils and oils obtained from b","Turkey",0,2,0
"826","270900","792",2023,"BND","United Kingdom","270900 --  Petroleum oils and oils obtained from b","Turkey",,,
"826","270900","792",2023,"MFN","United Kingdom","270900 --  Petroleum oils and oils obtained from b","Turkey",0,2,0
"826","270900","840",2023,"AHS","United Kingdom","270900 --  Petroleum oils and oils obtained from b","United States",0,2,0
"826","270900","840",2023,"BND","United Kingdom","270900 --  Petroleum oils and oils obtained from b","United States",,,
"826","270900","840",2023,"MFN","United Kingdom","270900 --  Petroleum oils and oils obtained from b","United States",0,2,0
"840","270900","012",2023,"AHS","United States","270900 --  Petroleum oils and oils obtained from b","Algeria",,2,
"840","270900","012",2023,"BND","United States","270900 --  Petroleum oils and oils obtained from b","Algeria",,,
"840","270900","012",2023,"MFN","United States","270900 --  Petroleum oils and oils obtained from b","Algeria",,2,
"840","270900","024",2023,"AHS","United States","270900 --  Petroleum oils and oils obtained from b","Angola",0,2,0
"840","270900","024",2023,"BND","United States","270900 --  Petroleum oils and oils obtained from b","Angola",,,
"840","270900","024",2023,"MFN","United States","270900 --  Petroleum oils and oils obtained from b","Angola",,2,
"840","270900","032",2023,"AHS","United States","270900 --  Petroleum oils and oils obtained from b","Argentina",,2,
"840","270900","032",2023,"BND","United States","270900 --  Petroleum oils and oils obtained from b","Argentina",,,
"840","270900","032",2023,"MFN","United States","270900 --  Petroleum oils and oils obtained from b","Argentina",,2,
"840","270900","076",2023,"AHS","United States","270900 --  Petroleum oils and oils obtained from b","Brazil",,2,
"840","270900","076",2023,"BND","United States","270900 --  Petroleum oils and oils obtained from b","Brazil",,,
"840","270900","076",2023,"MFN","United States","270900 --  Petroleum oils and oils obtained from b","Brazil",,2,
"840","270900","120",2023,"AHS","United States","270900 --  Petroleum oils and oils obtained from b","Cameroon",,2,
"840","270900","120",2023,"BND","United States","270900 --  Petroleum oils and oils obtained from b","Cameroon",,,
"840","270900","120",2023,"MFN","United States","270900 --  Petroleum oils and oils obtained from b","Cameroon",,2,
"840","270900","124",2023,"AHS","United States","270900 --  Petroleum oils and oils obtained from b","Canada",0,2,0
"840","270900","124",2023,"BND","United States","270900 --  Petroleum oils and oils obtained from b","Canada",,,
"840","270900","124",2023,"MFN","United States","270900 --  Petroleum oils and oils obtained from b","Canada",,2,
"840","270900","170",2023,"AHS","United States","270900 --  Petroleum oils and oils obtained from b","Colombia",0,2,0
"840","270900","170",2023,"BND","United States","270900 --  Petroleum oils and oils obtained from b","Colombia",,,
"840","270900","170",2023,"MFN","United States","270900 --  Petroleum oils and oils obtained from b","Colombia",,2,
"840","270900","178",2023,"AHS","United States","270900 --  Petroleum oils and oils obtained from b","Congo, Rep.",0,2,0
"840","270900","178",2023,"BND","United States","270900 --  Petroleum oils and oils obtained from b","Congo, Rep.",,,
"840","270900","178",2023,"MFN","United States","270900 --  Petroleum oils and oils obtained from b","Congo, Rep.",,2,
"840","270900","208",2023,"AHS","United States","270900 --  Petroleum oils and oils obtained from b","Denmark",,2,
"840","270900","208",2023,"BND","United States","270900 --  Petroleum oils and oils obtained from b","Denmark",,,
"840","270900","208",2023,"MFN","United States","270900 --  Petroleum oils and oils obtained from b","Denmark",,2,
"840","270900","218",2023,"AHS","United States","270900 --  Petroleum oils and oils obtained from b","Ecuador",,2,
"840","270900","218",2023,"BND","United States","270900 --  Petroleum oils and oils obtained from b","Ecuador",,,
"840","270900","218",2023,"MFN","United States","270900 --  Petroleum oils and oils obtained from b","Ecuador",,2,
"840","270900","288",2023,"AHS","United States","270900 --  Petroleum oils and oils obtained from b","Ghana",0,2,0
"840","270900","288",2023,"BND","United States","270900 --  Petroleum oils and oils obtained from b","Ghana",,,
"840","270900","288",2023,"MFN","United States","270900 --  Petroleum oils and oils obtained from b","Ghana",,2,
"840","270900","328",2023,"AHS","United States","270900 --  Petroleum oils and oils obtained from b","Guyana",0,2,0
"840","270900","328",2023,"BND","United States","270900 --  Petroleum oils and oils obtained from b","Guyana",,,
"840","270900","328",2023,"MFN","United States","270900 --  Petroleum oils and oils obtained from b","Guyana",,2,
"840","270900","360",2023,"AHS","United States","270900 --  Petroleum oils and oils obtained from b","Indonesia",,2,
"840","270900","360",2023,"BND","United States","270900 --  Petroleum oils and oils obtained from b","Indonesia",,,
"840","270900","360",2023,"MFN","United States","270900 --  Petroleum oils and oils obtained from b","Indonesia",,2,
"840","270900","368",2023,"AHS","United States","270900 --  Petroleum oils and oils obtained from b","Iraq",,2,
"840","270900","368",2023,"BND","United States","270900 --  Petroleum oils and oils obtained from b","Iraq",,,
"840","270900","368",2023,"MFN","United States","270900 --  Petroleum oils and oils obtained from b","Iraq",,2,
"840","270900","414",2023,"AHS","United States","270900 --  Petroleum oils and oils obtained from b","Kuwait",,2,
"840","270900","414",2023,"BND","United States","270900 --  Petroleum oils and oils obtained from b","Kuwait",,,
"840","270900","414",2023,"MFN","United States","270900 --  Petroleum oils and oils obtained from b","Kuwait",,2,
"840","270900","434",2023,"AHS","United States","270900 --  Petroleum oils and oils obtained from b","Libya",,2,
"840","270900","434",2023,"BND","United States","270900 --  Petroleum oils and oils obtained from b","Libya",,,
"840","270900","434",2023,"MFN","United States","270900 --  Petroleum oils and oils obtained from b","Libya",,2,
"840","270900","484",2023,"AHS","United States","270900 --  Petroleum oils and oils obtained from b","Mexico",0,2,0
"840","270900","484",2023,"BND","United States","270900 --  Petroleum oils and oils obtained from b","Mexico",,,
"840","270900","484",2023,"MFN","United States","270900 --  Petroleum oils and oils obtained from b","Mexico",,2,
"840","270900","566",2023,"AHS","United States","270900 --  Petroleum oils and oils obtained from b","Nigeria",0,2,0
"840","270900","566",2023,"BND","United States","270900 --  Petroleum oils and oils obtained from b","Nigeria",,,
"840","270900","566",2023,"MFN","United States","270900 --  Petroleum oils and oils obtained from b","Nigeria",,2,
"840","270900","578",2023,"AHS","United States","270900 --  Petroleum oils and oils obtained from b","Norway",,2,
"840","270900","578",2023,"BND","United States","270900 --  Petroleum oils and oils obtained from b","Norway",,,
"840","270900","578",2023,"MFN","United States","270900 --  Petroleum oils and oils obtained from b","Norway",,2,
"840","270900","634",2023,"AHS","United States","270900 --  Petroleum oils and oils obtained from b","Qatar",,2,
"840","270900","634",2023,"BND","United States","270900 --  Petroleum oils and oils obtained from b","Qatar",,,
"840","270900","634",2023,"MFN","United States","270900 --  Petroleum oils and oils obtained from b","Qatar",,2,
"840","270900","643",2023,"AHS","United States","270900 --  Petroleum oils and oils obtained from b","Russian Federation",,2,
"840","270900","643",2023,"BND","United States","270900 --  Petroleum oils and oils obtained from b","Russian Federation",,,
"840","270900","643",2023,"MFN","United States","270900 --  Petroleum oils and oils obtained from b","Russian Federation",,2,
"840","270900","682",2023,"AHS","United States","270900 --  Petroleum oils and oils obtained from b","Saudi Arabia",,2,
"840","270900","682",2023,"BND","United States","270900 --  Petroleum oils and oils obtained from b","Saudi Arabia",,,
"840","270900","682",2023,"MFN","United States","270900 --  Petroleum oils and oils obtained from b","Saudi Arabia",,2,
"840","270900","784",2023,"AHS","United States","270900 --  Petroleum oils and oils obtained from b","United Arab Emirates",,2,
"840","270900","784",2023,"BND","United States","270900 --  Petroleum oils and oils obtained from b","United Arab Emirates",,,
"840","270900","784",2023,"MFN","United States","270900 --  Petroleum oils and oils obtained from b","United Arab Emirates",,2,
"840","270900","792",2023,"AHS","United States","270900 --  Petroleum oils and oils obtained from b","Turkey",,2,
"840","270900","792",2023,"BND","United States","270900 --  Petroleum oils and oils obtained from b","Turkey",,,
"840","270900","792",2023,"MFN","United States","270900 --  Petroleum oils and oils obtained from b","Turkey",,2,
"840","270900","826",2023,"AHS","United States","270900 --  Petroleum oils and oils obtained from b","United Kingdom",,2,
"840","270900","826",2023,"BND","United States","270900 --  Petroleum oils and oils obtained from b","United Kingdom",,,
"840","270900","826",2023,"MFN","United States","270900 --  Petroleum oils and oils obtained from b","United Kingdom",,2,
"840","270900","862",2023,"AHS","United States","270900 --  Petroleum oils and oils obtained from b","Venezuela",,2,
"840","270900","862",2023,"BND","United States","270900 --  Petroleum oils and oils obtained from b","Venezuela",,,
"840","270900","862",2023,"MFN","United States","270900 --  Petroleum oils and oils obtained from b","Venezuela",,2,
